outlet,date,title,url,text,clean_text,sentences,entities
AdaDerana,2026-02-21 08:41:35,Dondra shooting victim succumbs to injuries,http://www.adaderana.lk/news.php?nid=118729,"The fish trader who was shot and injured near a supermarket in Dondra has succumbed to his injuries on admission to hospital, police said.

Earlier, it was reported that a man was shot and wounded near a supermarket in Dondra, within the Gandara police division.

The injured victim, identified as a local fishmonger, was rushed to the Matara Hospital for treatment.

Reports indicate that the perpetrators, who arrived in a grey car, opened fire before fleeing the scene. The victim has been identified as a fish trader in the area known by the alias ‘Delight’.

Police believe that the shooting was carried out using two 9mm pistols.

Further investigations are currently underway to apprehend the suspects and determine the exact motive behind the attack.","The fish trader who was shot and injured near a supermarket in Dondra has succumbed to his injuries on admission to hospital, police said. Earlier, it was reported that a man was shot and wounded near a supermarket in Dondra, within the Gandara police division. The injured victim, identified as a local fishmonger, was rushed to the Matara Hospital for treatment. Reports indicate that the perpetrators, who arrived in a grey car, opened fire before fleeing the scene. The victim has been identified as a fish trader in the area known by the alias ‘Delight’. Police believe that the shooting was carried out using two 9mm pistols. Further investigations are currently underway to apprehend the suspects and determine the exact motive behind the attack.","['The fish trader who was shot and injured near a supermarket in Dondra has succumbed to his injuries on admission to hospital, police said.', 'Earlier, it was reported that a man was shot and wounded near a supermarket in Dondra, within the Gandara police division.', 'The injured victim, identified as a local fishmonger, was rushed to the Matara Hospital for treatment.', 'Reports indicate that the perpetrators, who arrived in a grey car, opened fire before fleeing the scene.', 'The victim has been identified as a fish trader in the area known by the alias ‘Delight’.', 'Police believe that the shooting was carried out using two 9mm pistols.', 'Further investigations are currently underway to apprehend the suspects and determine the exact motive behind the attack.']","[{'text': 'Dondra', 'label': 'GPE'}, {'text': 'Gandara', 'label': 'PERSON'}, {'text': 'the Matara Hospital', 'label': 'ORG'}]"
AdaDerana,2026-02-21 08:06:51,Person injured in shooting incident near supermarket in Dondra,http://www.adaderana.lk/news.php?nid=118728,"A person has reportedly been shot and injured near a supermarket at Dondra, within the Gandara police division, a short while ago.

The injured shooting victim, said to be a fishmonger in the area, has been admitted to the Matara Hospital.

Reports indicate that the perpetrators, who arrived in a grey car, opened fire before fleeing the scene. The victim has been identified as a fish trader in the area known by the alias ‘Delight’.

Further investigations are currently underway to apprehend the suspects and determine the exact motive behind the attack.","A person has reportedly been shot and injured near a supermarket at Dondra, within the Gandara police division, a short while ago. The injured shooting victim, said to be a fishmonger in the area, has been admitted to the Matara Hospital. Reports indicate that the perpetrators, who arrived in a grey car, opened fire before fleeing the scene. The victim has been identified as a fish trader in the area known by the alias ‘Delight’. Further investigations are currently underway to apprehend the suspects and determine the exact motive behind the attack.","['A person has reportedly been shot and injured near a supermarket at Dondra, within the Gandara police division, a short while ago.', 'The injured shooting victim, said to be a fishmonger in the area, has been admitted to the Matara Hospital.', 'Reports indicate that the perpetrators, who arrived in a grey car, opened fire before fleeing the scene.', 'The victim has been identified as a fish trader in the area known by the alias ‘Delight’.', 'Further investigations are currently underway to apprehend the suspects and determine the exact motive behind the attack.']","[{'text': 'Dondra', 'label': 'GPE'}, {'text': 'Gandara', 'label': 'PERSON'}, {'text': 'the Matara Hospital', 'label': 'ORG'}]"
AdaDerana,2026-02-21 07:52:36,PUCSL to begin public consultations on proposed electricity tariff hike from Feb. 25,http://www.adaderana.lk/news.php?nid=118727,"The Public Utilities Commission of Sri Lanka (PUCSL) has announced that public consultation sessions on the proposal submitted by the Ceylon Electricity Board (CEB) to revise electricity tariffs for the second quarter of 2026 will commence on February 25.

According to the PUCSL, the public can submit comments and suggestions verbally and in writing from February 25 to March 18.

The sessions are expected to cover all nine provinces, and following the conclusion of the consultations, the PUCSL will decide on the proposed tariff revision after considering public submissions and other relevant factors.

The CEB submitted its proposal to the PUCSL on February 13, seeking a 13.56% increase in electricity tariffs for the second quarter of 2026, effective from April 1 to June 30.

Previously, the CEB had also proposed an 11.57% electricity tariff increase for the first quarter of 2026, however, the proposal did not receive approval from the PUCSL.","The Public Utilities Commission of Sri Lanka (PUCSL) has announced that public consultation sessions on the proposal submitted by the Ceylon Electricity Board (CEB) to revise electricity tariffs for the second quarter of 2026 will commence on February 25. According to the PUCSL, the public can submit comments and suggestions verbally and in writing from February 25 to March 18. The sessions are expected to cover all nine provinces, and following the conclusion of the consultations, the PUCSL will decide on the proposed tariff revision after considering public submissions and other relevant factors. The CEB submitted its proposal to the PUCSL on February 13, seeking a 13.56% increase in electricity tariffs for the second quarter of 2026, effective from April 1 to June 30. Previously, the CEB had also proposed an 11.57% electricity tariff increase for the first quarter of 2026, however, the proposal did not receive approval from the PUCSL.","['The Public Utilities Commission of Sri Lanka (PUCSL) has announced that public consultation sessions on the proposal submitted by the Ceylon Electricity Board (CEB) to revise electricity tariffs for the second quarter of 2026 will commence on February 25.', 'According to the PUCSL, the public can submit comments and suggestions verbally and in writing from February 25 to March 18.', 'The sessions are expected to cover all nine provinces, and following the conclusion of the consultations, the PUCSL will decide on the proposed tariff revision after considering public submissions and other relevant factors.', 'The CEB submitted its proposal to the PUCSL on February 13, seeking a 13.56% increase in electricity tariffs for the second quarter of 2026, effective from April 1 to June 30.', 'Previously, the CEB had also proposed an 11.57% electricity tariff increase for the first quarter of 2026, however, the proposal did not receive approval from the PUCSL.']","[{'text': 'The Public Utilities Commission', 'label': 'ORG'}, {'text': 'the Ceylon Electricity Board', 'label': 'ORG'}, {'text': 'CEB', 'label': 'ORG'}]"
AdaDerana,2026-02-21 07:08:12,"Gold prices in Sri Lanka increase by Rs. 4,000",http://www.adaderana.lk/news.php?nid=118725,"Gold prices in Sri Lanka have risen by around Rs. 4,000, according to market data.

Traders at Colombo’s Sea Street reported that the price of a 22-carat gold sovereign has increased to Rs. 366,300 as of this morning (21). The price of a 22-carat gold sovereign was recorded as Rs. 362,600 yesterday (20).

Meanwhile, the price of a 24-carat gold sovereign, which was Rs. 392,000 on Friday (19), has risen to Rs. 396,000, today (21), according to traders at Colombo’s Sea Street.","Gold prices in Sri Lanka have risen by around Rs. 4,000, according to market data. Traders at Colombo’s Sea Street reported that the price of a 22-carat gold sovereign has increased to Rs. 366,300 as of this morning (21). The price of a 22-carat gold sovereign was recorded as Rs. 362,600 yesterday (20). Meanwhile, the price of a 24-carat gold sovereign, which was Rs. 392,000 on Friday (19), has risen to Rs. 396,000, today (21), according to traders at Colombo’s Sea Street.","['Gold prices in Sri Lanka have risen by around Rs. 4,000, according to market data.', 'Traders at Colombo’s Sea Street reported that the price of a 22-carat gold sovereign has increased to Rs. 366,300 as of this morning (21).', 'The price of a 22-carat gold sovereign was recorded as Rs. 362,600 yesterday (20).', 'Meanwhile, the price of a 24-carat gold sovereign, which was Rs. 392,000 on Friday (19), has risen to Rs. 396,000, today (21), according to traders at Colombo’s Sea Street.']","[{'text': 'Sri Lanka', 'label': 'GPE'}, {'text': 'Colombo’s Sea Street', 'label': 'ORG'}]"
AdaDerana,2026-02-21 06:07:51,US-donated 4th Coast Guard Cutter embarks on historic voyage to join Sri Lanka Navy fleet,http://www.adaderana.lk/news.php?nid=118724,"In a significant boost to regional maritime security, the former U.S. Coast Guard Cutter DECISIVE (Ex-USCGC DECISIVE) officially departed Baltimore on Friday, beginning a historic journey to join the Sri Lanka Navy (SLN) fleet.

This marks the longest-ever voyage undertaken by the Sri Lanka Navy to bring a vessel home, as well as its first-ever transit of the Panama Canal.

Once commissioned into service, DECISIVE will enhance the Sri Lanka Navy’s capabilities to counter drug trafficking and smuggling, conduct search and rescue operations, and safeguard vital sea lanes in the Indian Ocean that support global trade, the U.S. Embassy in Sri Lanka stated in a post on X (formerly Twitter).

“This transfer reinforces shared responsibility for maritime security,” the post said.

With this addition, Sri Lanka now operates four former U.S. Coast Guard cutters under the Excess Defense Article program, making it the leading operator of such vessels globally. The move reflects deep trust, interoperability, and a growing operational partnership between the U.S. and Sri Lanka at sea.

The U.S. Embassy in Sri Lanka extended its best wishes to the Sri Lanka Navy crew taking command of DECISIVE, praising their training and preparation in the United States ahead of the vessel’s arrival.","In a significant boost to regional maritime security, the former U.S. Coast Guard Cutter DECISIVE (Ex-USCGC DECISIVE) officially departed Baltimore on Friday, beginning a historic journey to join the Sri Lanka Navy (SLN) fleet. This marks the longest-ever voyage undertaken by the Sri Lanka Navy to bring a vessel home, as well as its first-ever transit of the Panama Canal. Once commissioned into service, DECISIVE will enhance the Sri Lanka Navy’s capabilities to counter drug trafficking and smuggling, conduct search and rescue operations, and safeguard vital sea lanes in the Indian Ocean that support global trade, the U.S. Embassy in Sri Lanka stated in a post on X (formerly Twitter). “This transfer reinforces shared responsibility for maritime security,” the post said. With this addition, Sri Lanka now operates four former U.S. Coast Guard cutters under the Excess Defense Article program, making it the leading operator of such vessels globally. The move reflects deep trust, interoperability, and a growing operational partnership between the U.S. and Sri Lanka at sea. The U.S. Embassy in Sri Lanka extended its best wishes to the Sri Lanka Navy crew taking command of DECISIVE, praising their training and preparation in the United States ahead of the vessel’s arrival.","['In a significant boost to regional maritime security, the former U.S. Coast Guard Cutter DECISIVE (Ex-USCGC DECISIVE) officially departed Baltimore on Friday, beginning a historic journey to join the Sri Lanka Navy (SLN) fleet.', 'This marks the longest-ever voyage undertaken by the Sri Lanka Navy to bring a vessel home, as well as its first-ever transit of the Panama Canal.', 'Once commissioned into service, DECISIVE will enhance the Sri Lanka Navy’s capabilities to counter drug trafficking and smuggling, conduct search and rescue operations, and safeguard vital sea lanes in the Indian Ocean that support global trade, the U.S. Embassy in Sri Lanka stated in a post on X (formerly Twitter).', '“This transfer reinforces shared responsibility for maritime security,” the post said.', 'With this addition, Sri Lanka now operates four former U.S. Coast Guard cutters under the Excess Defense Article program, making it the leading operator of such vessels globally.', 'The move reflects deep trust, interoperability, and a growing operational partnership between the U.S. and Sri Lanka at sea.', 'The U.S. Embassy in Sri Lanka extended its best wishes to the Sri Lanka Navy crew taking command of DECISIVE, praising their training and preparation in the United States ahead of the vessel’s arrival.']","[{'text': 'U.S. Coast Guard', 'label': 'ORG'}, {'text': 'Baltimore', 'label': 'GPE'}, {'text': 'the Sri Lanka Navy', 'label': 'ORG'}, {'text': 'SLN', 'label': 'ORG'}, {'text': 'the U.S. Embassy', 'label': 'ORG'}, {'text': 'Sri Lanka', 'label': 'GPE'}, {'text': 'U.S.', 'label': 'GPE'}, {'text': 'The U.S. Embassy', 'label': 'ORG'}, {'text': 'Navy', 'label': 'ORG'}, {'text': 'the United States', 'label': 'GPE'}]"
AdaDerana,2026-02-21 05:23:46,Somawathiya–Sungavila road temporarily closed to light vehicles due to flooding,http://www.adaderana.lk/news.php?nid=118723,"The Assistant Director of the Disaster Management Centre (DMC) for the Polonnaruwa District has reported that the Somawathiya–Sungavila Road has been inundated by approximately one foot of water as of this morning (21).

According to an official statement issued at 9:15 a.m. today, the stretch of road from Sungavila to the Somawathiya Raja Maha Viharaya is currently under water.

Accordingly, the Assistant Director has announced that the road has been temporarily closed to light vehicles.","The Assistant Director of the Disaster Management Centre (DMC) for the Polonnaruwa District has reported that the Somawathiya–Sungavila Road has been inundated by approximately one foot of water as of this morning (21). According to an official statement issued at 9:15 a.m. today, the stretch of road from Sungavila to the Somawathiya Raja Maha Viharaya is currently under water. Accordingly, the Assistant Director has announced that the road has been temporarily closed to light vehicles.","['The Assistant Director of the Disaster Management Centre (DMC) for the Polonnaruwa District has reported that the Somawathiya–Sungavila Road has been inundated by approximately one foot of water as of this morning (21).', 'According to an official statement issued at 9:15 a.m. today, the stretch of road from Sungavila to the Somawathiya Raja Maha Viharaya is currently under water.', 'Accordingly, the Assistant Director has announced that the road has been temporarily closed to light vehicles.']","[{'text': 'the Disaster Management Centre', 'label': 'ORG'}, {'text': 'DMC', 'label': 'ORG'}, {'text': 'Sungavila', 'label': 'GPE'}, {'text': 'Maha Viharaya', 'label': 'PERSON'}]"
AdaDerana,2026-02-21 04:19:58,"Suspect arrested with Ice  worth over Rs. 800,000 in Mount Lavinia",http://www.adaderana.lk/news.php?nid=118721,"A suspect was arrested in the Soysapura area of Mount Lavinia while transporting over Rs. 800,000 worth of crystal methamphetamine (“Ice”) on a motorcycle.

Police seized 50 grams of crystal methamphetamine (“Ice”) and Rs. 44,000 in cash, suspected to be proceeds from drug trafficking, from his possession.

The raid was carried out based on information received by Chief Inspector Gamage Nilantha, Officer-in-Charge (OIC) of the Mount Lavinia Divisional Crime Investigation Bureau, police said.

During interrogation, it was revealed that the suspect is the brother-in-law of Sudharaka Devapriya Peiris, an alleged large-scale drug trafficker currently residing abroad.

Further investigations uncovered that the suspect had been distributing drugs in Sri Lanka on behalf of the overseas trafficker, said police.

Police identified the suspect as a 33-year-old resident of Ratmalana.

The Mount Lavinia Divisional Crime Investigation Bureau is conducting further investigations into the incident.","A suspect was arrested in the Soysapura area of Mount Lavinia while transporting over Rs. 800,000 worth of crystal methamphetamine (“Ice”) on a motorcycle. Police seized 50 grams of crystal methamphetamine (“Ice”) and Rs. 44,000 in cash, suspected to be proceeds from drug trafficking, from his possession. The raid was carried out based on information received by Chief Inspector Gamage Nilantha, Officer-in-Charge (OIC) of the Mount Lavinia Divisional Crime Investigation Bureau, police said. During interrogation, it was revealed that the suspect is the brother-in-law of Sudharaka Devapriya Peiris, an alleged large-scale drug trafficker currently residing abroad. Further investigations uncovered that the suspect had been distributing drugs in Sri Lanka on behalf of the overseas trafficker, said police. Police identified the suspect as a 33-year-old resident of Ratmalana. The Mount Lavinia Divisional Crime Investigation Bureau is conducting further investigations into the incident.","['A suspect was arrested in the Soysapura area of Mount Lavinia while transporting over Rs. 800,000 worth of crystal methamphetamine (“Ice”) on a motorcycle.', 'Police seized 50 grams of crystal methamphetamine (“Ice”) and Rs. 44,000 in cash, suspected to be proceeds from drug trafficking, from his possession.', 'The raid was carried out based on information received by Chief Inspector Gamage Nilantha, Officer-in-Charge (OIC) of the Mount Lavinia Divisional Crime Investigation Bureau, police said.', 'During interrogation, it was revealed that the suspect is the brother-in-law of Sudharaka Devapriya Peiris, an alleged large-scale drug trafficker currently residing abroad.', 'Further investigations uncovered that the suspect had been distributing drugs in Sri Lanka on behalf of the overseas trafficker, said police.', 'Police identified the suspect as a 33-year-old resident of Ratmalana.', 'The Mount Lavinia Divisional Crime Investigation Bureau is conducting further investigations into the incident.']","[{'text': 'Soysapura', 'label': 'PERSON'}, {'text': 'Mount Lavinia', 'label': 'GPE'}, {'text': 'Gamage Nilantha', 'label': 'PERSON'}, {'text': 'the Mount Lavinia Divisional Crime Investigation Bureau', 'label': 'ORG'}, {'text': 'Sudharaka Devapriya Peiris', 'label': 'PERSON'}, {'text': 'Sri Lanka', 'label': 'GPE'}, {'text': 'Ratmalana', 'label': 'GPE'}, {'text': 'The Mount Lavinia Divisional Crime Investigation Bureau', 'label': 'ORG'}]"
AdaDerana,2026-02-21 03:56:29,Landslide warnings issued for multiple areas in two districts extended,http://www.adaderana.lk/news.php?nid=118720,"The National Building Research Organisation (NBRO) has extended the early landslide warnings previously issued for several areas in the Nuwara Eliya District and Badulla District.

Accordingly, the NBRO has announced that the landslide warnings issued at 8.00 a.m. today (21) will remain in effect for the next 24 hours.

Level 2 (Amber) warnings have been issued to residents in the following areas:

Nuwara Eliya District:

• Nildandahinna

• Walapane

Level 1 (Yellow) warnings have been issued to residents in the following areas:

Badulla District:

• Meegahakivula

• Kandaketiya

Nuwara Eliya District:

• Maturata

• Hanguranketha","The National Building Research Organisation (NBRO) has extended the early landslide warnings previously issued for several areas in the Nuwara Eliya District and Badulla District. Accordingly, the NBRO has announced that the landslide warnings issued at 8.00 a.m. today (21) will remain in effect for the next 24 hours. Level 2 (Amber) warnings have been issued to residents in the following areas: Nuwara Eliya District: • Nildandahinna • Walapane Level 1 (Yellow) warnings have been issued to residents in the following areas: Badulla District: • Meegahakivula • Kandaketiya Nuwara Eliya District: • Maturata • Hanguranketha","['The National Building Research Organisation (NBRO) has extended the early landslide warnings previously issued for several areas in the Nuwara Eliya District and Badulla District.', 'Accordingly, the NBRO has announced that the landslide warnings issued at 8.00 a.m. today (21) will remain in effect for the next 24 hours.', 'Level 2 (Amber) warnings have been issued to residents in the following areas:', 'Nuwara Eliya District: • Nildandahinna • Walapane Level 1 (Yellow) warnings have been issued to residents in the following areas: Badulla District: • Meegahakivula • Kandaketiya Nuwara Eliya District: • Maturata • Hanguranketha']","[{'text': 'The National Building Research Organisation', 'label': 'ORG'}, {'text': 'NBRO', 'label': 'ORG'}]"
AdaDerana,2026-02-21 03:55:00,Trump says he is considering limited military strike on Iran,http://www.adaderana.lk/news.php?nid=118719,"US President Donald Trump has said he is considering a limited military strike on Iran in order to pressure its leaders to agree a deal to curb the nuclear programme.

The president made the remark in response to a question from a journalist hours after officials had suggested the possibility of a strike.

On Thursday, Trump said the world would find out “over the next, probably, 10 days” whether a deal would be reached or the US would take military action. The US has been increasing its military presence in the region in recent weeks.

The US and its European allies suspect that Iran is moving towards the development of a nuclear weapon, something Iran has always denied.

US and Iranian officials have met over the issue in Switzerland and said progress has been made in the talks.

Speaking on Friday, Iran’s Foreign Minister Abbas Araghchi said Iran was preparing “a draft of a possible agreement” and would hand it over to US Special Envoy Steve Witkoff in the next few days.

The talks in Geneva were held as American forces continued ramping up their presence in the vicinity of Iran.

The deployment includes the world’s largest warship, USS Gerald R Ford, appearing to be heading towards the region.

USS Abraham Lincoln aircraft carrier is also being deployed, joining an increase of destroyers, combat ships and fighter jets.

Satellite images have also shown that Iran has reinforced military facilities, and the country’s Supreme Leader, Ayatollah Ali Khamanei, has posted messages to social media threatening US forces.

“The US President constantly says that the US has sent a warship toward Iran. Of course, a warship is a dangerous piece of military hardware,” one of Khamenei’s posts read.

Trump takes questions from journalists several times a week - often in lengthy sessions in the Oval Office or on Air Force One - but his comments do not necessarily always translate into concrete actions, and often contradict each other.

He is fond of reminding reporters that he prefers to keep his intentions to himself and a small circle of insiders to avoid potential adversaries knowing his next moves.

“I’m not going to talk to you about that,” he snapped at a reporter on Thursday when asked about potential military action. “We’re going to make a deal or get a deal one way or the other.”

Even if an operation is carried out, Trump has so far yet to specify what the precise military objective would be, with US officials having reportedly presented him with a wide range of options for what could be a weeks-long campaign.

In the past, Trump has also used deadlines to achieve an element of surprise.

At the time of Operation Midnight Hammer in July last year - which saw US forces strike Iranian nuclear facilities - White House officials were still publicly discussing the possibility of successful talks.

The day before US missiles and bombs struck the facility, White House Press Secretary Karoline Leavitt read a statement from Trump in which he said that because “negotiations may or may not take place with Iran in the near future, I will make my decision whether or not to go within the next two weeks”.

Any strikes in the near future would come at a challenging time domestically for the Trump administration, with polls showing that a growing number of Americans disapprove of Trump’s handling of immigration and the economy.

Unlike the one-day strike in Iran last year and the quick operation to capture Nicolás Maduro in January, a protracted, multi-week conflict with Iran threatens alienating parts of Trump’s Maga base which were drawn to his campaign promise of an end to messy foreign entanglements.

Source: BBC

--Agencies","US President Donald Trump has said he is considering a limited military strike on Iran in order to pressure its leaders to agree a deal to curb the nuclear programme. The president made the remark in response to a question from a journalist hours after officials had suggested the possibility of a strike. On Thursday, Trump said the world would find out “over the next, probably, 10 days” whether a deal would be reached or the US would take military action. The US has been increasing its military presence in the region in recent weeks. The US and its European allies suspect that Iran is moving towards the development of a nuclear weapon, something Iran has always denied. US and Iranian officials have met over the issue in Switzerland and said progress has been made in the talks. Speaking on Friday, Iran’s Foreign Minister Abbas Araghchi said Iran was preparing “a draft of a possible agreement” and would hand it over to US Special Envoy Steve Witkoff in the next few days. The talks in Geneva were held as American forces continued ramping up their presence in the vicinity of Iran. The deployment includes the world’s largest warship, USS Gerald R Ford, appearing to be heading towards the region. USS Abraham Lincoln aircraft carrier is also being deployed, joining an increase of destroyers, combat ships and fighter jets. Satellite images have also shown that Iran has reinforced military facilities, and the country’s Supreme Leader, Ayatollah Ali Khamanei, has posted messages to social media threatening US forces. “The US President constantly says that the US has sent a warship toward Iran. Of course, a warship is a dangerous piece of military hardware,” one of Khamenei’s posts read. Trump takes questions from journalists several times a week - often in lengthy sessions in the Oval Office or on Air Force One - but his comments do not necessarily always translate into concrete actions, and often contradict each other. He is fond of reminding reporters that he prefers to keep his intentions to himself and a small circle of insiders to avoid potential adversaries knowing his next moves. “I’m not going to talk to you about that,” he snapped at a reporter on Thursday when asked about potential military action. “We’re going to make a deal or get a deal one way or the other.” Even if an operation is carried out, Trump has so far yet to specify what the precise military objective would be, with US officials having reportedly presented him with a wide range of options for what could be a weeks-long campaign. In the past, Trump has also used deadlines to achieve an element of surprise. At the time of Operation Midnight Hammer in July last year - which saw US forces strike Iranian nuclear facilities - White House officials were still publicly discussing the possibility of successful talks. The day before US missiles and bombs struck the facility, White House Press Secretary Karoline Leavitt read a statement from Trump in which he said that because “negotiations may or may not take place with Iran in the near future, I will make my decision whether or not to go within the next two weeks”. Any strikes in the near future would come at a challenging time domestically for the Trump administration, with polls showing that a growing number of Americans disapprove of Trump’s handling of immigration and the economy. Unlike the one-day strike in Iran last year and the quick operation to capture Nicolás Maduro in January, a protracted, multi-week conflict with Iran threatens alienating parts of Trump’s Maga base which were drawn to his campaign promise of an end to messy foreign entanglements. Source: BBC --Agencies","['US President Donald Trump has said he is considering a limited military strike on Iran in order to pressure its leaders to agree a deal to curb the nuclear programme.', 'The president made the remark in response to a question from a journalist hours after officials had suggested the possibility of a strike.', 'On Thursday, Trump said the world would find out “over the next, probably, 10 days” whether a deal would be reached or the US would take military action.', 'The US has been increasing its military presence in the region in recent weeks.', 'The US and its European allies suspect that Iran is moving towards the development of a nuclear weapon, something Iran has always denied.', 'US and Iranian officials have met over the issue in Switzerland and said progress has been made in the talks.', 'Speaking on Friday, Iran’s Foreign Minister Abbas Araghchi said Iran was preparing “a draft of a possible agreement” and would hand it over to US Special Envoy Steve Witkoff in the next few days.', 'The talks in Geneva were held as American forces continued ramping up their presence in the vicinity of Iran.', 'The deployment includes the world’s largest warship, USS Gerald R Ford, appearing to be heading towards the region.', 'USS Abraham Lincoln aircraft carrier is also being deployed, joining an increase of destroyers, combat ships and fighter jets.', 'Satellite images have also shown that Iran has reinforced military facilities, and the country’s Supreme Leader, Ayatollah Ali Khamanei, has posted messages to social media threatening US forces.', '“The US President constantly says that the US has sent a warship toward Iran.', 'Of course, a warship is a dangerous piece of military hardware,” one of Khamenei’s posts read.', 'Trump takes questions from journalists several times a week - often in lengthy sessions in the Oval Office or on Air Force One - but his comments do not necessarily always translate into concrete actions, and often contradict each other.', 'He is fond of reminding reporters that he prefers to keep his intentions to himself and a small circle of insiders to avoid potential adversaries knowing his next moves.', '“I’m not going to talk to you about that,” he snapped at a reporter on Thursday when asked about potential military action.', '“We’re going to make a deal or get a deal one way or the other.”', 'Even if an operation is carried out, Trump has so far yet to specify what the precise military objective would be, with US officials having reportedly presented him with a wide range of options for what could be a weeks-long campaign.', 'In the past, Trump has also used deadlines to achieve an element of surprise.', 'At the time of Operation Midnight Hammer in July last year - which saw US forces strike Iranian nuclear facilities - White House officials were still publicly discussing the possibility of successful talks.', 'The day before US missiles and bombs struck the facility, White House Press Secretary Karoline Leavitt read a statement from Trump in which he said that because “negotiations may or may not take place with Iran in the near future, I will make my decision whether or not to go within the next two weeks”.', 'Any strikes in the near future would come at a challenging time domestically for the Trump administration, with polls showing that a growing number of Americans disapprove of Trump’s handling of immigration and the economy.', 'Unlike the one-day strike in Iran last year and the quick operation to capture Nicolás Maduro in January, a protracted, multi-week conflict with Iran threatens alienating parts of Trump’s Maga base which were drawn to his campaign promise of an end to messy foreign entanglements.', 'Source: BBC --Agencies']","[{'text': 'US', 'label': 'GPE'}, {'text': 'Donald Trump', 'label': 'PERSON'}, {'text': 'Iran', 'label': 'GPE'}, {'text': 'Trump', 'label': 'ORG'}, {'text': 'European', 'label': 'NORP'}, {'text': 'Iranian', 'label': 'NORP'}, {'text': 'Switzerland', 'label': 'GPE'}, {'text': 'Abbas Araghchi', 'label': 'PERSON'}, {'text': 'Steve Witkoff', 'label': 'PERSON'}, {'text': 'Geneva', 'label': 'GPE'}, {'text': 'American', 'label': 'NORP'}, {'text': 'USS Gerald R Ford', 'label': 'PERSON'}, {'text': 'USS Abraham Lincoln', 'label': 'PERSON'}, {'text': 'Ayatollah Ali Khamanei', 'label': 'PERSON'}, {'text': 'Khamenei', 'label': 'PERSON'}, {'text': 'the Oval Office', 'label': 'ORG'}, {'text': 'Air Force One', 'label': 'ORG'}, {'text': 'White House', 'label': 'ORG'}, {'text': 'Karoline Leavitt', 'label': 'PERSON'}, {'text': 'Trump', 'label': 'PERSON'}, {'text': 'Americans', 'label': 'NORP'}, {'text': 'Trump’s Maga', 'label': 'PERSON'}, {'text': 'BBC --Agencies', 'label': 'ORG'}]"
AdaDerana,2026-02-21 03:04:56,British government considers removing Andrew from royal line of succession,http://www.adaderana.lk/news.php?nid=118718,"The British government is considering introducing legislation to remove Andrew Mountbatten-Windsor from the line of royal succession.

Defence Minister Luke Pollard told the BBC the move - which would prevent Andrew from ever becoming King - was the “right thing to do,” regardless of the outcome of the police investigation.

Currently Andrew, the King’s brother, remains eighth in line to the throne despite being stripped of his titles, including “prince”, last October amid pressure over his ties to paedophile financier Jeffrey Epstein.

On Thursday evening, Andrew was released under investigation 11 hours after his arrest on suspicion of misconduct in public office. He has consistently and strenuously denied any wrongdoing.

Speaking on BBC Radio 4’s Any Questions programme, Pollard confirmed the government had “absolutely” been working with Buckingham Palace on the plans to stop the former prince from “potentially being a heartbeat away from the throne”.

He said this was “something that I hope will enjoy cross party support, but its right that that is something that only happens when the police investigation concludes”.

On Friday unmarked police cars and vans were seen coming and going at Royal Lodge, the 30-room Windsor property where Andrew lived for many years.

At one point more than 20 vehicles could be seen parked at the property, although it is not known it all was connected to the investigation and searches.

Thames Valley Police, the force which arrested him, is expected to continue searching Royal Lodge until Monday, the BBC understands.

The government’s proposal comes after some MPs, including the Liberal Democrats and SNP, signalled their support for such legislation.

Some Labour parliamentarians who have been critical of the monarchy told the BBC they were less convinced the move was required - in part because it is so unlikely the former Duke of York would ever get near to the throne.

In October, Downing Street said it had no plans to introduce a law to change the line of succession.

The move would require an act of Parliament, which would have to be approved by MPs and peers and would come into effect when given royal assent by the King.

It would also need to be supported by the 14 Commonwealth countries where Charles III is head of state, including Canada, Australia, Jamaica and New Zealand.

The last time the line of succession was changed by an act of Parliament was in 2013, when the Succession to the Crown Act restored individuals who had previously been excluded because they had married a Catholic.

The last time someone was removed from the line of succession by an act of Parliament was in 1936, when the former Edward VIII and his descendants were removed due to his abdication.

Liberal Democrat leader Sir Ed Davey said police should be “allowed to get on with their job, acting without fear or favour”.

He added: “But clearly this is an issue that Parliament is going to have to consider when the time is right, naturally the monarchy will want to make sure he can never become King.”

The SNP would support removing Andrew from the line of succession if legislation is required, according to the party’s Westminster leader Stephen Flynn.

Labour MP Rachael Maskell, who represents York Central, has also backed the move.

She said: “I would support legislation to remove Andrew from the line of succession and to remove from the counsellor of state.”

Counsellors of state can stand in for a monarch who is ill or overseas although, in practice, only working royals are expected to be called upon to fulfil those duties.

Removing Mountbatten-Windsor from the line of succession would also strip him of that role too, according to the House of Commons Library.

Mountbatten-Windsor stepped back from public duties in 2019 following a backlash after an interview with BBC Newsnight about his relationship with Epstein.

Conservative Party leader Kemi Badenoch said “all of us in public life need to give space” to the police investigation to be carried out.

Source: BBC

--Agencies","The British government is considering introducing legislation to remove Andrew Mountbatten-Windsor from the line of royal succession. Defence Minister Luke Pollard told the BBC the move - which would prevent Andrew from ever becoming King - was the “right thing to do,” regardless of the outcome of the police investigation. Currently Andrew, the King’s brother, remains eighth in line to the throne despite being stripped of his titles, including “prince”, last October amid pressure over his ties to paedophile financier Jeffrey Epstein. On Thursday evening, Andrew was released under investigation 11 hours after his arrest on suspicion of misconduct in public office. He has consistently and strenuously denied any wrongdoing. Speaking on BBC Radio 4’s Any Questions programme, Pollard confirmed the government had “absolutely” been working with Buckingham Palace on the plans to stop the former prince from “potentially being a heartbeat away from the throne”. He said this was “something that I hope will enjoy cross party support, but its right that that is something that only happens when the police investigation concludes”. On Friday unmarked police cars and vans were seen coming and going at Royal Lodge, the 30-room Windsor property where Andrew lived for many years. At one point more than 20 vehicles could be seen parked at the property, although it is not known it all was connected to the investigation and searches. Thames Valley Police, the force which arrested him, is expected to continue searching Royal Lodge until Monday, the BBC understands. The government’s proposal comes after some MPs, including the Liberal Democrats and SNP, signalled their support for such legislation. Some Labour parliamentarians who have been critical of the monarchy told the BBC they were less convinced the move was required - in part because it is so unlikely the former Duke of York would ever get near to the throne. In October, Downing Street said it had no plans to introduce a law to change the line of succession. The move would require an act of Parliament, which would have to be approved by MPs and peers and would come into effect when given royal assent by the King. It would also need to be supported by the 14 Commonwealth countries where Charles III is head of state, including Canada, Australia, Jamaica and New Zealand. The last time the line of succession was changed by an act of Parliament was in 2013, when the Succession to the Crown Act restored individuals who had previously been excluded because they had married a Catholic. The last time someone was removed from the line of succession by an act of Parliament was in 1936, when the former Edward VIII and his descendants were removed due to his abdication. Liberal Democrat leader Sir Ed Davey said police should be “allowed to get on with their job, acting without fear or favour”. He added: “But clearly this is an issue that Parliament is going to have to consider when the time is right, naturally the monarchy will want to make sure he can never become King.” The SNP would support removing Andrew from the line of succession if legislation is required, according to the party’s Westminster leader Stephen Flynn. Labour MP Rachael Maskell, who represents York Central, has also backed the move. She said: “I would support legislation to remove Andrew from the line of succession and to remove from the counsellor of state.” Counsellors of state can stand in for a monarch who is ill or overseas although, in practice, only working royals are expected to be called upon to fulfil those duties. Removing Mountbatten-Windsor from the line of succession would also strip him of that role too, according to the House of Commons Library. Mountbatten-Windsor stepped back from public duties in 2019 following a backlash after an interview with BBC Newsnight about his relationship with Epstein. Conservative Party leader Kemi Badenoch said “all of us in public life need to give space” to the police investigation to be carried out. Source: BBC --Agencies","['The British government is considering introducing legislation to remove Andrew Mountbatten-Windsor from the line of royal succession.', 'Defence Minister Luke Pollard told the BBC the move - which would prevent Andrew from ever becoming King - was the “right thing to do,” regardless of the outcome of the police investigation.', 'Currently Andrew, the King’s brother, remains eighth in line to the throne despite being stripped of his titles, including “prince”, last October amid pressure over his ties to paedophile financier Jeffrey Epstein.', 'On Thursday evening, Andrew was released under investigation 11 hours after his arrest on suspicion of misconduct in public office.', 'He has consistently and strenuously denied any wrongdoing.', 'Speaking on BBC Radio 4’s Any Questions programme, Pollard confirmed the government had “absolutely” been working with Buckingham Palace on the plans to stop the former prince from “potentially being a heartbeat away from the throne”.', 'He said this was “something that I hope will enjoy cross party support, but its right that that is something that only happens when the police investigation concludes”.', 'On Friday unmarked police cars and vans were seen coming and going at Royal Lodge, the 30-room Windsor property where Andrew lived for many years.', 'At one point more than 20 vehicles could be seen parked at the property, although it is not known it all was connected to the investigation and searches.', 'Thames Valley Police, the force which arrested him, is expected to continue searching Royal Lodge until Monday, the BBC understands.', 'The government’s proposal comes after some MPs, including the Liberal Democrats and SNP, signalled their support for such legislation.', 'Some Labour parliamentarians who have been critical of the monarchy told the BBC they were less convinced the move was required - in part because it is so unlikely the former Duke of York would ever get near to the throne.', 'In October, Downing Street said it had no plans to introduce a law to change the line of succession.', 'The move would require an act of Parliament, which would have to be approved by MPs and peers and would come into effect when given royal assent by the King.', 'It would also need to be supported by the 14 Commonwealth countries where Charles III is head of state, including Canada, Australia, Jamaica and New Zealand.', 'The last time the line of succession was changed by an act of Parliament was in 2013, when the Succession to the Crown Act restored individuals who had previously been excluded because they had married a Catholic.', 'The last time someone was removed from the line of succession by an act of Parliament was in 1936, when the former Edward VIII and his descendants were removed due to his abdication.', 'Liberal Democrat leader Sir Ed Davey said police should be “allowed to get on with their job, acting without fear or favour”.', 'He added: “But clearly this is an issue that Parliament is going to have to consider when the time is right, naturally the monarchy will want to make sure he can never become King.”', 'The SNP would support removing Andrew from the line of succession if legislation is required, according to the party’s Westminster leader Stephen Flynn.', 'Labour MP Rachael Maskell, who represents York Central, has also backed the move.', 'She said: “I would support legislation to remove Andrew from the line of succession and to remove from the counsellor of state.”', 'Counsellors of state can stand in for a monarch who is ill or overseas although, in practice, only working royals are expected to be called upon to fulfil those duties.', 'Removing Mountbatten-Windsor from the line of succession would also strip him of that role too, according to the House of Commons Library.', 'Mountbatten-Windsor stepped back from public duties in 2019 following a backlash after an interview with BBC Newsnight about his relationship with Epstein.', 'Conservative Party leader Kemi Badenoch said “all of us in public life need to give space” to the police investigation to be carried out.', 'Source: BBC --Agencies']","[{'text': 'British', 'label': 'NORP'}, {'text': 'Andrew Mountbatten-Windsor', 'label': 'PERSON'}, {'text': 'Luke Pollard', 'label': 'PERSON'}, {'text': 'BBC', 'label': 'ORG'}, {'text': 'Andrew', 'label': 'PERSON'}, {'text': 'King’s', 'label': 'ORG'}, {'text': 'Jeffrey Epstein', 'label': 'PERSON'}, {'text': 'BBC Radio 4’s Any Questions', 'label': 'ORG'}, {'text': 'Pollard', 'label': 'PERSON'}, {'text': 'Royal Lodge', 'label': 'ORG'}, {'text': 'Liberal Democrats', 'label': 'NORP'}, {'text': 'SNP', 'label': 'ORG'}, {'text': 'Labour', 'label': 'ORG'}, {'text': 'Duke of York', 'label': 'GPE'}, {'text': 'Downing Street', 'label': 'ORG'}, {'text': 'Parliament', 'label': 'ORG'}, {'text': 'Commonwealth', 'label': 'ORG'}, {'text': 'Charles III', 'label': 'PERSON'}, {'text': 'Canada', 'label': 'GPE'}, {'text': 'Australia', 'label': 'GPE'}, {'text': 'Jamaica', 'label': 'GPE'}, {'text': 'New Zealand', 'label': 'GPE'}, {'text': 'Succession', 'label': 'ORG'}, {'text': 'Catholic', 'label': 'NORP'}, {'text': 'Edward VIII', 'label': 'PERSON'}, {'text': 'Democrat', 'label': 'NORP'}, {'text': 'Ed Davey', 'label': 'PERSON'}, {'text': 'King', 'label': 'PERSON'}, {'text': '’s Westminster', 'label': 'GPE'}, {'text': 'Stephen Flynn', 'label': 'PERSON'}, {'text': 'Rachael Maskell', 'label': 'PERSON'}, {'text': 'York Central', 'label': 'ORG'}, {'text': 'Mountbatten-Windsor', 'label': 'PERSON'}, {'text': 'the House of Commons Library', 'label': 'ORG'}, {'text': 'BBC Newsnight', 'label': 'ORG'}, {'text': 'Epstein', 'label': 'ORG'}, {'text': 'Party', 'label': 'ORG'}, {'text': 'Kemi Badenoch', 'label': 'PERSON'}, {'text': 'BBC --Agencies', 'label': 'ORG'}]"
AdaDerana,2026-02-21 02:12:25,Sri Lankan man jailed for life in UK after killing wife in a car park,http://www.adaderana.lk/news.php?nid=118717,"A 37-year-old Sri Lankan man has been given a life sentence by a UK court after he stabbed his estranged wife to death in a car park after she began a relationship with a work colleague.

Niwunhellage Dona Nirodha Kalapni Niwunhella, known as Nirodha, 32, died at the scene at South Morgan Place in Riverside, Cardiff, on 21 August 2025.

Thisara Weragalage, from Pentwyn, who had been separated from her for months, previously denied murder, but at a hearing at Newport Crown Court in January he pleaded guilty.

Sentencing Weragalage at Cardiff Crown Court, Judge Daniel Williams said his “brutal selfishness” had cut Nirodha’s life short.

The court heard the couple had been separated for months, but on the morning of the attack Weragalage went to the residential car park knowing Nirodha would be there.

She was attacked with a 15cm kitchen knife, suffering catastrophic injuries to her face, neck, chest, arm and leg and died at the scene, left between two parked cars.

The attack was so ferocious that the handle broke off the knife used in the attack.

Witnesses, including a man walking his dog, saw Weragalage leaving the scene at speed in his Ford Fiesta, and they raised the alarm when they then found Nirodha lying motionless with horrific injuries nearby.

A short time later, Weragalage was spotted by a lorry driver on a pavement in the Tremorfa area of Cardiff in an agitated state and he threw himself in front of the rear wheels of the vehicle.

However, his injuries were not serious and after police and paramedics were called he was later arrested for murder.

He was detained under the Mental Health Act, but police found bloodied builder’s gloves in the passenger footwell of his car, along with the opened pack of knives.

After being arrested on suspicion of murder, he told detectives that his wife had “escaped” him and that she was “living with another”.

He claimed the knives were bought to “scare” her and that he could not remember how her injuries had happened.

After being charged with her murder, Weragalage later made an early guilty plea.

The court was told that the couple married in Sri Lanka in 2017 after meeting through a mutual friend.

The pair, who both had business qualifications, got married and considered moving abroad to further their education and improve their career prospects.

They eventually moved to Cardiff in 2022 where Weragalge said he had contacts. But the job in business in the UK did not materialise for Nirodha and she took a job in a care home instead.

By this time the marriage had run into difficulties. Nirodha disclosed to work colleague James Stephenson that her husband hit her and that they were also having sexual problems.

The court heard she became increasingly close to Stephenson. When Weragalage learned of this closeness, he became “obsessed” and began to spy on the pair at the care home where they worked.

When confronted with the suggestion that he was violent to his wife, he said her behaviour had caused him “to raise his hand”.

This behaviour caused Stephenson to fear for his and Nirodha’s safety and he broke off the relationship.

But by April 2025, Nirodha and Weragalage had moved out of their shared house and were living at separate addresses.

He said he could not live without her during this time, making 15 calls to her father in Sri Lanka as well as texting Stephenson saying he wanted to “reverse everything that has happened in the last two years”.

Stephenson had rekindled a relationship with Nirodha who texted her friend saying her estranged husband was threatening her.

“He’s going to kill James and he’s going to kill me,” she wrote.

Obsessive husband ‘overtaken by jealousy’

Michael Jones KC, prosecuting, said that the murder was planned and premeditated and that sustained and excessive violence had been used.

“The prosecution case is that such was the ferocity of the attack on her that the knife broke during the assault,” he added.

Andrew Taylor, defending, said these were “tragic events” involving two “bright, ambitious and educated people”.

Taylor said he was “obsessed” with his wife and became “overtaken with jealousy” after discovering she was becoming increasingly affectionate with a colleague.

“He could not contemplate a life without her,” he added.

Judge Daniel Williams said Nirodha had “no chance” of surviving the attack.

He said she deserved a long and happy life that was cut short by Welagalage’s “brutal selfishness”.

Detective Inspector Graham Williams, of South Wales Police, said Nirodha was “much loved by her family and friends, and her life was ended by her jealous and cowardly former partner”.

“While no sentence can compensate for the loss of life. I hope the end of criminal proceedings helped bring them some peace,” he added.

Emma Davies, from the Crown Prosecution Service (CPS), said Weragalage “planned his attack, visiting the area several times leading up to it and buying the murder weapon”.

“His premeditation was a significant factor in this shocking killing,” she said.

Davies added that the CPS is working closely with police to build strong cases against those who commit violence against women and girls, ensuring “more victims of these abhorrent and devastating crimes receive the justice they deserve”.

“Our thoughts remain with the family and friends of Nirodha who have suffered a tragic loss,” she added.

In a tribute issued at the time of her death, Nirodha’s family described her as a “cherished daughter, family member and dear friend to many”.

“Nirodha will be forever remembered with peace, love and gratitude,” they said.

“She touched many lives with her kindness and warmth and her memory will continue to inspire us. Though her life ended too soon, the love she shared will always remain with us.”

Source: BBC

--Agencies","A 37-year-old Sri Lankan man has been given a life sentence by a UK court after he stabbed his estranged wife to death in a car park after she began a relationship with a work colleague. Niwunhellage Dona Nirodha Kalapni Niwunhella, known as Nirodha, 32, died at the scene at South Morgan Place in Riverside, Cardiff, on 21 August 2025. Thisara Weragalage, from Pentwyn, who had been separated from her for months, previously denied murder, but at a hearing at Newport Crown Court in January he pleaded guilty. Sentencing Weragalage at Cardiff Crown Court, Judge Daniel Williams said his “brutal selfishness” had cut Nirodha’s life short. The court heard the couple had been separated for months, but on the morning of the attack Weragalage went to the residential car park knowing Nirodha would be there. She was attacked with a 15cm kitchen knife, suffering catastrophic injuries to her face, neck, chest, arm and leg and died at the scene, left between two parked cars. The attack was so ferocious that the handle broke off the knife used in the attack. Witnesses, including a man walking his dog, saw Weragalage leaving the scene at speed in his Ford Fiesta, and they raised the alarm when they then found Nirodha lying motionless with horrific injuries nearby. A short time later, Weragalage was spotted by a lorry driver on a pavement in the Tremorfa area of Cardiff in an agitated state and he threw himself in front of the rear wheels of the vehicle. However, his injuries were not serious and after police and paramedics were called he was later arrested for murder. He was detained under the Mental Health Act, but police found bloodied builder’s gloves in the passenger footwell of his car, along with the opened pack of knives. After being arrested on suspicion of murder, he told detectives that his wife had “escaped” him and that she was “living with another”. He claimed the knives were bought to “scare” her and that he could not remember how her injuries had happened. After being charged with her murder, Weragalage later made an early guilty plea. The court was told that the couple married in Sri Lanka in 2017 after meeting through a mutual friend. The pair, who both had business qualifications, got married and considered moving abroad to further their education and improve their career prospects. They eventually moved to Cardiff in 2022 where Weragalge said he had contacts. But the job in business in the UK did not materialise for Nirodha and she took a job in a care home instead. By this time the marriage had run into difficulties. Nirodha disclosed to work colleague James Stephenson that her husband hit her and that they were also having sexual problems. The court heard she became increasingly close to Stephenson. When Weragalage learned of this closeness, he became “obsessed” and began to spy on the pair at the care home where they worked. When confronted with the suggestion that he was violent to his wife, he said her behaviour had caused him “to raise his hand”. This behaviour caused Stephenson to fear for his and Nirodha’s safety and he broke off the relationship. But by April 2025, Nirodha and Weragalage had moved out of their shared house and were living at separate addresses. He said he could not live without her during this time, making 15 calls to her father in Sri Lanka as well as texting Stephenson saying he wanted to “reverse everything that has happened in the last two years”. Stephenson had rekindled a relationship with Nirodha who texted her friend saying her estranged husband was threatening her. “He’s going to kill James and he’s going to kill me,” she wrote. Obsessive husband ‘overtaken by jealousy’ Michael Jones KC, prosecuting, said that the murder was planned and premeditated and that sustained and excessive violence had been used. “The prosecution case is that such was the ferocity of the attack on her that the knife broke during the assault,” he added. Andrew Taylor, defending, said these were “tragic events” involving two “bright, ambitious and educated people”. Taylor said he was “obsessed” with his wife and became “overtaken with jealousy” after discovering she was becoming increasingly affectionate with a colleague. “He could not contemplate a life without her,” he added. Judge Daniel Williams said Nirodha had “no chance” of surviving the attack. He said she deserved a long and happy life that was cut short by Welagalage’s “brutal selfishness”. Detective Inspector Graham Williams, of South Wales Police, said Nirodha was “much loved by her family and friends, and her life was ended by her jealous and cowardly former partner”. “While no sentence can compensate for the loss of life. I hope the end of criminal proceedings helped bring them some peace,” he added. Emma Davies, from the Crown Prosecution Service (CPS), said Weragalage “planned his attack, visiting the area several times leading up to it and buying the murder weapon”. “His premeditation was a significant factor in this shocking killing,” she said. Davies added that the CPS is working closely with police to build strong cases against those who commit violence against women and girls, ensuring “more victims of these abhorrent and devastating crimes receive the justice they deserve”. “Our thoughts remain with the family and friends of Nirodha who have suffered a tragic loss,” she added. In a tribute issued at the time of her death, Nirodha’s family described her as a “cherished daughter, family member and dear friend to many”. “Nirodha will be forever remembered with peace, love and gratitude,” they said. “She touched many lives with her kindness and warmth and her memory will continue to inspire us. Though her life ended too soon, the love she shared will always remain with us.” Source: BBC --Agencies","['A 37-year-old Sri Lankan man has been given a life sentence by a UK court after he stabbed his estranged wife to death in a car park after she began a relationship with a work colleague.', 'Niwunhellage Dona Nirodha Kalapni Niwunhella, known as Nirodha, 32, died at the scene at South Morgan Place in Riverside, Cardiff, on 21 August 2025.', 'Thisara Weragalage, from Pentwyn, who had been separated from her for months, previously denied murder, but at a hearing at Newport Crown Court in January he pleaded guilty.', 'Sentencing Weragalage at Cardiff Crown Court, Judge Daniel Williams said his “brutal selfishness” had cut Nirodha’s life short.', 'The court heard the couple had been separated for months, but on the morning of the attack Weragalage went to the residential car park knowing Nirodha would be there.', 'She was attacked with a 15cm kitchen knife, suffering catastrophic injuries to her face, neck, chest, arm and leg and died at the scene, left between two parked cars.', 'The attack was so ferocious that the handle broke off the knife used in the attack.', 'Witnesses, including a man walking his dog, saw Weragalage leaving the scene at speed in his Ford Fiesta, and they raised the alarm when they then found Nirodha lying motionless with horrific injuries nearby.', 'A short time later, Weragalage was spotted by a lorry driver on a pavement in the Tremorfa area of Cardiff in an agitated state and he threw himself in front of the rear wheels of the vehicle.', 'However, his injuries were not serious and after police and paramedics were called he was later arrested for murder.', 'He was detained under the Mental Health Act, but police found bloodied builder’s gloves in the passenger footwell of his car, along with the opened pack of knives.', 'After being arrested on suspicion of murder, he told detectives that his wife had “escaped” him and that she was “living with another”.', 'He claimed the knives were bought to “scare” her and that he could not remember how her injuries had happened.', 'After being charged with her murder, Weragalage later made an early guilty plea.', 'The court was told that the couple married in Sri Lanka in 2017 after meeting through a mutual friend.', 'The pair, who both had business qualifications, got married and considered moving abroad to further their education and improve their career prospects.', 'They eventually moved to Cardiff in 2022 where Weragalge said he had contacts.', 'But the job in business in the UK did not materialise for Nirodha and she took a job in a care home instead.', 'By this time the marriage had run into difficulties.', 'Nirodha disclosed to work colleague James Stephenson that her husband hit her and that they were also having sexual problems.', 'The court heard she became increasingly close to Stephenson.', 'When Weragalage learned of this closeness, he became “obsessed” and began to spy on the pair at the care home where they worked.', 'When confronted with the suggestion that he was violent to his wife, he said her behaviour had caused him “to raise his hand”.', 'This behaviour caused Stephenson to fear for his and Nirodha’s safety and he broke off the relationship.', 'But by April 2025, Nirodha and Weragalage had moved out of their shared house and were living at separate addresses.', 'He said he could not live without her during this time, making 15 calls to her father in Sri Lanka as well as texting Stephenson saying he wanted to “reverse everything that has happened in the last two years”.', 'Stephenson had rekindled a relationship with Nirodha who texted her friend saying her estranged husband was threatening her.', '“He’s going to kill James and he’s going to kill me,” she wrote.', 'Obsessive husband ‘overtaken by jealousy’ Michael Jones KC, prosecuting, said that the murder was planned and premeditated and that sustained and excessive violence had been used.', '“The prosecution case is that such was the ferocity of the attack on her that the knife broke during the assault,” he added.', 'Andrew Taylor, defending, said these were “tragic events” involving two “bright, ambitious and educated people”.', 'Taylor said he was “obsessed” with his wife and became “overtaken with jealousy” after discovering she was becoming increasingly affectionate with a colleague.', '“He could not contemplate a life without her,” he added.', 'Judge Daniel Williams said Nirodha had “no chance” of surviving the attack.', 'He said she deserved a long and happy life that was cut short by Welagalage’s “brutal selfishness”.', 'Detective Inspector Graham Williams, of South Wales Police, said Nirodha was “much loved by her family and friends, and her life was ended by her jealous and cowardly former partner”.', '“While no sentence can compensate for the loss of life.', 'I hope the end of criminal proceedings helped bring them some peace,” he added.', 'Emma Davies, from the Crown Prosecution Service (CPS), said Weragalage “planned his attack, visiting the area several times leading up to it and buying the murder weapon”.', '“His premeditation was a significant factor in this shocking killing,” she said.', 'Davies added that the CPS is working closely with police to build strong cases against those who commit violence against women and girls, ensuring “more victims of these abhorrent and devastating crimes receive the justice they deserve”.', '“Our thoughts remain with the family and friends of Nirodha who have suffered a tragic loss,” she added.', 'In a tribute issued at the time of her death, Nirodha’s family described her as a “cherished daughter, family member and dear friend to many”.', '“Nirodha will be forever remembered with peace, love and gratitude,” they said.', '“She touched many lives with her kindness and warmth and her memory will continue to inspire us.', 'Though her life ended too soon, the love she shared will always remain with us.”', 'Source: BBC --Agencies']","[{'text': 'Sri Lankan', 'label': 'PERSON'}, {'text': 'UK', 'label': 'GPE'}, {'text': 'Nirodha Kalapni Niwunhella', 'label': 'PERSON'}, {'text': 'Nirodha', 'label': 'GPE'}, {'text': 'Thisara Weragalage', 'label': 'PERSON'}, {'text': 'Pentwyn', 'label': 'GPE'}, {'text': 'Newport Crown Court', 'label': 'ORG'}, {'text': 'Cardiff Crown Court', 'label': 'ORG'}, {'text': 'Daniel Williams', 'label': 'PERSON'}, {'text': 'Nirodha', 'label': 'PERSON'}, {'text': 'Weragalage', 'label': 'PERSON'}, {'text': 'Ford', 'label': 'ORG'}, {'text': 'Fiesta', 'label': 'PERSON'}, {'text': 'Tremorfa', 'label': 'NORP'}, {'text': 'Sri Lanka', 'label': 'GPE'}, {'text': 'Weragalge', 'label': 'ORG'}, {'text': 'James Stephenson', 'label': 'PERSON'}, {'text': 'Stephenson', 'label': 'PERSON'}, {'text': 'James', 'label': 'PERSON'}, {'text': 'Michael Jones KC', 'label': 'PERSON'}, {'text': 'Andrew Taylor', 'label': 'PERSON'}, {'text': 'Taylor', 'label': 'PERSON'}, {'text': 'Welagalage', 'label': 'ORG'}, {'text': 'Graham Williams', 'label': 'PERSON'}, {'text': 'South Wales Police', 'label': 'ORG'}, {'text': 'Emma Davies', 'label': 'PERSON'}, {'text': 'the Crown Prosecution Service', 'label': 'ORG'}, {'text': 'CPS', 'label': 'ORG'}, {'text': 'BBC --Agencies', 'label': 'ORG'}]"
AdaDerana,2026-02-21 02:04:50,Vehicles entering and exiting expressway at Dodangoda subjected to police inspections,http://www.adaderana.lk/news.php?nid=118716,"Vehicles entering and exiting the Southern Expressway from the Dodangoda entry point in Kalutara were subjected to a special inspection by the police last night (20).

Police stated that the operation was carried out with the objective of combating organized crime and detecting illegal drug trafficking carried out via the expressway.

Special surveillance was also conducted on individuals travelling in the vehicles, with the assistance of officers from the Dodangoda Police Station and the Southern Expressway Police Traffic Division.","Vehicles entering and exiting the Southern Expressway from the Dodangoda entry point in Kalutara were subjected to a special inspection by the police last night (20). Police stated that the operation was carried out with the objective of combating organized crime and detecting illegal drug trafficking carried out via the expressway. Special surveillance was also conducted on individuals travelling in the vehicles, with the assistance of officers from the Dodangoda Police Station and the Southern Expressway Police Traffic Division.","['Vehicles entering and exiting the Southern Expressway from the Dodangoda entry point in Kalutara were subjected to a special inspection by the police last night (20).', 'Police stated that the operation was carried out with the objective of combating organized crime and detecting illegal drug trafficking carried out via the expressway.', 'Special surveillance was also conducted on individuals travelling in the vehicles, with the assistance of officers from the Dodangoda Police Station and the Southern Expressway Police Traffic Division.']","[{'text': 'Kalutara', 'label': 'PERSON'}, {'text': 'the Dodangoda Police Station', 'label': 'ORG'}, {'text': 'the Southern Expressway Police Traffic Division', 'label': 'ORG'}]"
AdaDerana,2026-02-21 01:09:01,Trump brings in new 10% tariff as Supreme Court rejects his global import taxes,http://www.adaderana.lk/news.php?nid=118714,"US President Donald Trump has imposed a new 10% global tariff to replace ones struck down by the Supreme Court, calling the ruling “terrible” and lambasting the justices who rejected his trade policy as “fools”.

The president unveiled the plan shortly after the justices outlawed most of the global tariffs the White House announced last year.

In a 6-3 decision, the court held that the president had overstepped his powers.

The decision was a major victory for businesses and US states that had challenged the duties, opening the door to potentially billions of dollars in tariff refunds, while also injecting new uncertainty into the global trade landscape.

Speaking from the White House on Friday, Trump indicated that refunds would not come without a legal battle, saying he expected the matter to be tied up in court for years.

He also said he would turn to other laws to press ahead with his tariffs, which he has argued encourage investment and manufacturing in the US.

“We have alternatives - great alternatives and we’ll be a lot stronger for it,” he said.

The court battle was focused on import taxes that Trump unveiled last year on goods from nearly every country in the world.

The tariffs initially targeted Mexico, Canada and China, before expanding dramatically to dozens of trade partners on what the president billed as “Liberation Day” last April.

The White House had cited a 1977 law, the International Emergency Economic Powers Act (IEEPA), which gives the president power to “regulate” trade in response to an emergency.

But the measures sparked outcry at home and abroad from firms facing an abrupt rise in taxes on shipments entering the US, and fuelled worries that the levies would lead to higher prices.

Arguing before the court last year, lawyers for the challenging states and small businesses said that the law used by the president to impose the levies made no mention of the word “tariffs”.

They said that Congress did not intend to hand off its power to tax or give the president an “open-ended power to junk” other existing trade deals and tariff rules.

In his opinion, Chief Justice John Roberts, a conservative, sided with that view.

“When Congress has delegated its tariff powers, it has done so in explicit terms and subject to strict limits,” he wrote.

“Had Congress intended to convey the distinct and extraordinary power to impose tariffs, it would have done so expressly, as it consistently has in other tariff statutes.”

The decision to strike down the tariffs was joined by the court’s three liberal justices, as well as two justices nominated by Trump: Amy Coney Barrett and Neil Gorsuch.

Three conservative justices, Clarence Thomas, Brett Kavanaugh and Samuel Alito, dissented.

At the White House, Trump said he was “absolutely ashamed” of the Republican appointees on the court who voted against his trade policy.

He said they were “just being fools and lap dogs” and were “very unpatriotic and disloyal to our Constitution”.

Shares on Wall Street rose after the announcement, with the S&P 500 closing up about 0.7%, as businesses across the US cautiously welcomed the ruling.

“I feel... like a thousand-pound weight has been lifted off my chest,” said Beth Benike, the owner of Busy Baby products in Minnesota, which manufactures products in China.

Nik Holm, chief executive of Terry Precision Cycling, one of the small businesses involved in the case, called the ruling a “relief”.

“Though it will be many months before our supply chain is back up and running as normal, we look forward to the government’s refund of these improperly-collected duties,” he said.

The anticipated refunds and relief from tariff costs may prove elusive, however.

On Friday, Trump imposed the new 10% tariff under a never-used law known as Section 122, which gives the power to put in place tariffs up to 15% for 150 days, at which point Congress must step in.

Analysts expect the White House to consider other tools, such as Section 232 and Section 301, which allow import taxes to address national security risks and unfair trade practices.

Trump has previously used those tools for tariffs, including some announced last year on sectors such as steel, aluminium and cars. Those were untouched by the court ruling.

A White House official said countries that struck trade deals with the US, including the UK, India and the EU, will now face the global 10% tariff under Section 122 rather than the tariff rate they had previously negotiated.

The Trump administration expects those countries to keep abiding by the concessions they had agreed to under the trade deals, the official added.

“Things have only gotten more complicated and more messy today,” said Geoffrey Gertz, senior fellow at the Center for a New American Security in Washington.

Reaction by major trade partners was relatively muted.

“We take note of the ruling by the U.S. Supreme Court and are analysing it carefully,” European Commission spokesman Olof Gill wrote on social media.

The US has already collected at least $130bn in tariffs using the IEEPA law, according to the most recent government data.

In recent weeks, hundreds of firms, including retailer Costco, aluminium giant Alcoa and food importers like tuna fish brand Bumble Bee, have filed lawsuits contesting the tariffs, in a bid to get in line for a refund.

But the decision by the majority does not directly mention refunds, likely handing back the question of how that process might work to the Court of International Trade.

In his dissent, Justice Brett Kavanaugh warned the situation would be a “mess”.

Diane Swonk, chief economist at KPMG US, warned that the cost of litigation could make recouping funds difficult for smaller firms.

“Unfortunately, I’d say curb your enthusiasm, although I understand the desire for relief,” she said.

Steve Becker, head of the law firm Pillsbury, said the “best thing” for businesses would be if the government created a procedure that did not require filing a lawsuit.

“I think companies can be fairly confident that they’ll get their money back eventually,” he added. “How long it will take really is up to the government.”

Source: BBC

--Agencies","US President Donald Trump has imposed a new 10% global tariff to replace ones struck down by the Supreme Court, calling the ruling “terrible” and lambasting the justices who rejected his trade policy as “fools”. The president unveiled the plan shortly after the justices outlawed most of the global tariffs the White House announced last year. In a 6-3 decision, the court held that the president had overstepped his powers. The decision was a major victory for businesses and US states that had challenged the duties, opening the door to potentially billions of dollars in tariff refunds, while also injecting new uncertainty into the global trade landscape. Speaking from the White House on Friday, Trump indicated that refunds would not come without a legal battle, saying he expected the matter to be tied up in court for years. He also said he would turn to other laws to press ahead with his tariffs, which he has argued encourage investment and manufacturing in the US. “We have alternatives - great alternatives and we’ll be a lot stronger for it,” he said. The court battle was focused on import taxes that Trump unveiled last year on goods from nearly every country in the world. The tariffs initially targeted Mexico, Canada and China, before expanding dramatically to dozens of trade partners on what the president billed as “Liberation Day” last April. The White House had cited a 1977 law, the International Emergency Economic Powers Act (IEEPA), which gives the president power to “regulate” trade in response to an emergency. But the measures sparked outcry at home and abroad from firms facing an abrupt rise in taxes on shipments entering the US, and fuelled worries that the levies would lead to higher prices. Arguing before the court last year, lawyers for the challenging states and small businesses said that the law used by the president to impose the levies made no mention of the word “tariffs”. They said that Congress did not intend to hand off its power to tax or give the president an “open-ended power to junk” other existing trade deals and tariff rules. In his opinion, Chief Justice John Roberts, a conservative, sided with that view. “When Congress has delegated its tariff powers, it has done so in explicit terms and subject to strict limits,” he wrote. “Had Congress intended to convey the distinct and extraordinary power to impose tariffs, it would have done so expressly, as it consistently has in other tariff statutes.” The decision to strike down the tariffs was joined by the court’s three liberal justices, as well as two justices nominated by Trump: Amy Coney Barrett and Neil Gorsuch. Three conservative justices, Clarence Thomas, Brett Kavanaugh and Samuel Alito, dissented. At the White House, Trump said he was “absolutely ashamed” of the Republican appointees on the court who voted against his trade policy. He said they were “just being fools and lap dogs” and were “very unpatriotic and disloyal to our Constitution”. Shares on Wall Street rose after the announcement, with the S&P 500 closing up about 0.7%, as businesses across the US cautiously welcomed the ruling. “I feel... like a thousand-pound weight has been lifted off my chest,” said Beth Benike, the owner of Busy Baby products in Minnesota, which manufactures products in China. Nik Holm, chief executive of Terry Precision Cycling, one of the small businesses involved in the case, called the ruling a “relief”. “Though it will be many months before our supply chain is back up and running as normal, we look forward to the government’s refund of these improperly-collected duties,” he said. The anticipated refunds and relief from tariff costs may prove elusive, however. On Friday, Trump imposed the new 10% tariff under a never-used law known as Section 122, which gives the power to put in place tariffs up to 15% for 150 days, at which point Congress must step in. Analysts expect the White House to consider other tools, such as Section 232 and Section 301, which allow import taxes to address national security risks and unfair trade practices. Trump has previously used those tools for tariffs, including some announced last year on sectors such as steel, aluminium and cars. Those were untouched by the court ruling. A White House official said countries that struck trade deals with the US, including the UK, India and the EU, will now face the global 10% tariff under Section 122 rather than the tariff rate they had previously negotiated. The Trump administration expects those countries to keep abiding by the concessions they had agreed to under the trade deals, the official added. “Things have only gotten more complicated and more messy today,” said Geoffrey Gertz, senior fellow at the Center for a New American Security in Washington. Reaction by major trade partners was relatively muted. “We take note of the ruling by the U.S. Supreme Court and are analysing it carefully,” European Commission spokesman Olof Gill wrote on social media. The US has already collected at least $130bn in tariffs using the IEEPA law, according to the most recent government data. In recent weeks, hundreds of firms, including retailer Costco, aluminium giant Alcoa and food importers like tuna fish brand Bumble Bee, have filed lawsuits contesting the tariffs, in a bid to get in line for a refund. But the decision by the majority does not directly mention refunds, likely handing back the question of how that process might work to the Court of International Trade. In his dissent, Justice Brett Kavanaugh warned the situation would be a “mess”. Diane Swonk, chief economist at KPMG US, warned that the cost of litigation could make recouping funds difficult for smaller firms. “Unfortunately, I’d say curb your enthusiasm, although I understand the desire for relief,” she said. Steve Becker, head of the law firm Pillsbury, said the “best thing” for businesses would be if the government created a procedure that did not require filing a lawsuit. “I think companies can be fairly confident that they’ll get their money back eventually,” he added. “How long it will take really is up to the government.” Source: BBC --Agencies","['US President Donald Trump has imposed a new 10% global tariff to replace ones struck down by the Supreme Court, calling the ruling “terrible” and lambasting the justices who rejected his trade policy as “fools”.', 'The president unveiled the plan shortly after the justices outlawed most of the global tariffs the White House announced last year.', 'In a 6-3 decision, the court held that the president had overstepped his powers.', 'The decision was a major victory for businesses and US states that had challenged the duties, opening the door to potentially billions of dollars in tariff refunds, while also injecting new uncertainty into the global trade landscape.', 'Speaking from the White House on Friday, Trump indicated that refunds would not come without a legal battle, saying he expected the matter to be tied up in court for years.', 'He also said he would turn to other laws to press ahead with his tariffs, which he has argued encourage investment and manufacturing in the US.', '“We have alternatives - great alternatives and we’ll be a lot stronger for it,” he said.', 'The court battle was focused on import taxes that Trump unveiled last year on goods from nearly every country in the world.', 'The tariffs initially targeted Mexico, Canada and China, before expanding dramatically to dozens of trade partners on what the president billed as “Liberation Day” last April.', 'The White House had cited a 1977 law, the International Emergency Economic Powers Act (IEEPA), which gives the president power to “regulate” trade in response to an emergency.', 'But the measures sparked outcry at home and abroad from firms facing an abrupt rise in taxes on shipments entering the US, and fuelled worries that the levies would lead to higher prices.', 'Arguing before the court last year, lawyers for the challenging states and small businesses said that the law used by the president to impose the levies made no mention of the word “tariffs”.', 'They said that Congress did not intend to hand off its power to tax or give the president an “open-ended power to junk” other existing trade deals and tariff rules.', 'In his opinion, Chief Justice John Roberts, a conservative, sided with that view.', '“When Congress has delegated its tariff powers, it has done so in explicit terms and subject to strict limits,” he wrote.', '“Had Congress intended to convey the distinct and extraordinary power to impose tariffs, it would have done so expressly, as it consistently has in other tariff statutes.”', 'The decision to strike down the tariffs was joined by the court’s three liberal justices, as well as two justices nominated by Trump: Amy Coney Barrett and Neil Gorsuch.', 'Three conservative justices, Clarence Thomas, Brett Kavanaugh and Samuel Alito, dissented.', 'At the White House, Trump said he was “absolutely ashamed” of the Republican appointees on the court who voted against his trade policy.', 'He said they were “just being fools and lap dogs” and were “very unpatriotic and disloyal to our Constitution”.', 'Shares on Wall Street rose after the announcement, with the S&P 500 closing up about 0.7%, as businesses across the US cautiously welcomed the ruling.', '“I feel... like a thousand-pound weight has been lifted off my chest,” said Beth Benike, the owner of Busy Baby products in Minnesota, which manufactures products in China.', 'Nik Holm, chief executive of Terry Precision Cycling, one of the small businesses involved in the case, called the ruling a “relief”.', '“Though it will be many months before our supply chain is back up and running as normal, we look forward to the government’s refund of these improperly-collected duties,” he said.', 'The anticipated refunds and relief from tariff costs may prove elusive, however.', 'On Friday, Trump imposed the new 10% tariff under a never-used law known as Section 122, which gives the power to put in place tariffs up to 15% for 150 days, at which point Congress must step in.', 'Analysts expect the White House to consider other tools, such as Section 232 and Section 301, which allow import taxes to address national security risks and unfair trade practices.', 'Trump has previously used those tools for tariffs, including some announced last year on sectors such as steel, aluminium and cars.', 'Those were untouched by the court ruling.', 'A White House official said countries that struck trade deals with the US, including the UK, India and the EU, will now face the global 10% tariff under Section 122 rather than the tariff rate they had previously negotiated.', 'The Trump administration expects those countries to keep abiding by the concessions they had agreed to under the trade deals, the official added.', '“Things have only gotten more complicated and more messy today,” said Geoffrey Gertz, senior fellow at the Center for a New American Security in Washington.', 'Reaction by major trade partners was relatively muted.', '“We take note of the ruling by the U.S. Supreme Court and are analysing it carefully,” European Commission spokesman Olof Gill wrote on social media.', 'The US has already collected at least $130bn in tariffs using the IEEPA law, according to the most recent government data.', 'In recent weeks, hundreds of firms, including retailer Costco, aluminium giant Alcoa and food importers like tuna fish brand Bumble Bee, have filed lawsuits contesting the tariffs, in a bid to get in line for a refund.', 'But the decision by the majority does not directly mention refunds, likely handing back the question of how that process might work to the Court of International Trade.', 'In his dissent, Justice Brett Kavanaugh warned the situation would be a “mess”.', 'Diane Swonk, chief economist at KPMG US, warned that the cost of litigation could make recouping funds difficult for smaller firms.', '“Unfortunately, I’d say curb your enthusiasm, although I understand the desire for relief,” she said.', 'Steve Becker, head of the law firm Pillsbury, said the “best thing” for businesses would be if the government created a procedure that did not require filing a lawsuit.', '“I think companies can be fairly confident that they’ll get their money back eventually,” he added.', '“How long it will take really is up to the government.”', 'Source: BBC --Agencies']","[{'text': 'US', 'label': 'GPE'}, {'text': 'Donald Trump', 'label': 'PERSON'}, {'text': 'the Supreme Court', 'label': 'ORG'}, {'text': 'the White House', 'label': 'ORG'}, {'text': 'Trump', 'label': 'ORG'}, {'text': 'Mexico', 'label': 'GPE'}, {'text': 'Canada', 'label': 'GPE'}, {'text': 'China', 'label': 'GPE'}, {'text': 'The White House', 'label': 'ORG'}, {'text': 'the International Emergency Economic Powers Act', 'label': 'ORG'}, {'text': 'Congress', 'label': 'ORG'}, {'text': 'John Roberts', 'label': 'PERSON'}, {'text': 'Amy Coney Barrett', 'label': 'PERSON'}, {'text': 'Neil Gorsuch', 'label': 'PERSON'}, {'text': 'Clarence Thomas', 'label': 'PERSON'}, {'text': 'Brett Kavanaugh', 'label': 'PERSON'}, {'text': 'Samuel Alito', 'label': 'PERSON'}, {'text': 'Republican', 'label': 'NORP'}, {'text': 'Beth Benike', 'label': 'PERSON'}, {'text': 'Busy Baby', 'label': 'ORG'}, {'text': 'Minnesota', 'label': 'GPE'}, {'text': 'Nik Holm', 'label': 'PERSON'}, {'text': 'Terry Precision Cycling', 'label': 'PERSON'}, {'text': 'White House', 'label': 'ORG'}, {'text': 'UK', 'label': 'GPE'}, {'text': 'India', 'label': 'GPE'}, {'text': 'EU', 'label': 'ORG'}, {'text': 'Trump', 'label': 'PERSON'}, {'text': 'Geoffrey Gertz', 'label': 'PERSON'}, {'text': 'Washington', 'label': 'GPE'}, {'text': 'the U.S. Supreme Court', 'label': 'ORG'}, {'text': 'European Commission', 'label': 'ORG'}, {'text': 'Olof Gill', 'label': 'PERSON'}, {'text': 'IEEPA', 'label': 'ORG'}, {'text': 'Costco', 'label': 'ORG'}, {'text': 'Alcoa', 'label': 'ORG'}, {'text': 'Bumble Bee', 'label': 'PERSON'}, {'text': 'the Court of International Trade', 'label': 'ORG'}, {'text': 'Diane Swonk', 'label': 'PERSON'}, {'text': 'KPMG US', 'label': 'ORG'}, {'text': 'Steve Becker', 'label': 'PERSON'}, {'text': 'Pillsbury', 'label': 'GPE'}, {'text': 'BBC --Agencies', 'label': 'ORG'}]"
AdaDerana,2026-02-21 01:05:54,Heavy rainfall above 100 mm expected in parts of the island today,http://www.adaderana.lk/news.php?nid=118713,"Atmospheric conditions are favorable for thundershowers over most parts of the island, and showery conditions are expected to enhance today (21), the Department of Meteorology said.

Showers or thundershowers will occur at times in the Northern, North-Central, Eastern, Uva and Central provinces and in the Hambantota district.

Showers or thundershowers may occur at several places elsewhere after 1.00 p.m., the Met. Department stated.

Heavy rainfalls above 100 mm are likely at some places in the Central, Uva and Sabaragamuwa provinces, and in the Batticaloa, Ampara and Polonnaruwa districts.

Fairly heavy rainfalls above 75 mm are likely at some places elsewhere, it added.

Misty conditions can be expected at some places in the Central and Sabaragamuwa provinces and in Galle, Matara and Kaluthara districts during the early hours of the morning.

The general public has been requested to take adequate precautions to minimize damages caused by temporary localized strong winds and lightning during thundershowers.","Atmospheric conditions are favorable for thundershowers over most parts of the island, and showery conditions are expected to enhance today (21), the Department of Meteorology said. Showers or thundershowers will occur at times in the Northern, North-Central, Eastern, Uva and Central provinces and in the Hambantota district. Showers or thundershowers may occur at several places elsewhere after 1.00 p.m., the Met. Department stated. Heavy rainfalls above 100 mm are likely at some places in the Central, Uva and Sabaragamuwa provinces, and in the Batticaloa, Ampara and Polonnaruwa districts. Fairly heavy rainfalls above 75 mm are likely at some places elsewhere, it added. Misty conditions can be expected at some places in the Central and Sabaragamuwa provinces and in Galle, Matara and Kaluthara districts during the early hours of the morning. The general public has been requested to take adequate precautions to minimize damages caused by temporary localized strong winds and lightning during thundershowers.","['Atmospheric conditions are favorable for thundershowers over most parts of the island, and showery conditions are expected to enhance today (21), the Department of Meteorology said.', 'Showers or thundershowers will occur at times in the Northern, North-Central, Eastern, Uva and Central provinces and in the Hambantota district.', 'Showers or thundershowers may occur at several places elsewhere after 1.00 p.m., the Met.', 'Department stated.', 'Heavy rainfalls above 100 mm are likely at some places in the Central, Uva and Sabaragamuwa provinces, and in the Batticaloa, Ampara and Polonnaruwa districts.', 'Fairly heavy rainfalls above 75 mm are likely at some places elsewhere, it added.', 'Misty conditions can be expected at some places in the Central and Sabaragamuwa provinces and in Galle, Matara and Kaluthara districts during the early hours of the morning.', 'The general public has been requested to take adequate precautions to minimize damages caused by temporary localized strong winds and lightning during thundershowers.']","[{'text': 'the Department of Meteorology', 'label': 'ORG'}, {'text': 'Eastern', 'label': 'ORG'}, {'text': 'Uva', 'label': 'PERSON'}, {'text': 'Sabaragamuwa', 'label': 'PERSON'}, {'text': 'Ampara', 'label': 'PERSON'}, {'text': 'Polonnaruwa', 'label': 'PERSON'}, {'text': 'Galle', 'label': 'GPE'}, {'text': 'Matara', 'label': 'GPE'}, {'text': 'Kaluthara', 'label': 'ORG'}]"
AdaDerana,2026-02-20 17:00:03,President Dissanayake returns after attending AI Impact Summit 2026 in Delhi,http://www.adaderana.lk/news.php?nid=118712,"President Anura Kumara Dissanayake and the Sri Lankan delegation have returned to Sri Lanka after attending the AI Impact Summit 2026 held in New Delhi, India.

The delegation arrived at Bandaranaike International Airport (BIA), a short while ago, aboard SriLankan Airlines flight UL-196 from New Delhi.

The President and the Sri Lankan delegation had travelled to India at the invitation of Indian Prime Minister Narendra Modi to participate in the summit.

President Dissanayake attended the summit on an invitation extended by Indian Prime Minister Narendra Modi.

During the visit, President Dissanayake and Indian Prime Minister Narendra Modi held a bilateral meeting today (20) on the sidelines of the Global AI Impact Summit being held in New Delhi.

Meanwhile, bilateral discussions were also held between President Dissanayake and the President of France Emmanuel Macron, Crown Prince of Abu Dhabi, Sheikh Khaled bin Mohamed bin Zayed Al Nahyan, and the Brazilian President Lula da Silva on the sidelines of the AI Impact 2026 Summit in New Delhi.","President Anura Kumara Dissanayake and the Sri Lankan delegation have returned to Sri Lanka after attending the AI Impact Summit 2026 held in New Delhi, India. The delegation arrived at Bandaranaike International Airport (BIA), a short while ago, aboard SriLankan Airlines flight UL-196 from New Delhi. The President and the Sri Lankan delegation had travelled to India at the invitation of Indian Prime Minister Narendra Modi to participate in the summit. President Dissanayake attended the summit on an invitation extended by Indian Prime Minister Narendra Modi. During the visit, President Dissanayake and Indian Prime Minister Narendra Modi held a bilateral meeting today (20) on the sidelines of the Global AI Impact Summit being held in New Delhi. Meanwhile, bilateral discussions were also held between President Dissanayake and the President of France Emmanuel Macron, Crown Prince of Abu Dhabi, Sheikh Khaled bin Mohamed bin Zayed Al Nahyan, and the Brazilian President Lula da Silva on the sidelines of the AI Impact 2026 Summit in New Delhi.","['President Anura Kumara Dissanayake and the Sri Lankan delegation have returned to Sri Lanka after attending the AI Impact Summit 2026 held in New Delhi, India.', 'The delegation arrived at Bandaranaike International Airport (BIA), a short while ago, aboard SriLankan Airlines flight UL-196 from New Delhi.', 'The President and the Sri Lankan delegation had travelled to India at the invitation of Indian Prime Minister Narendra Modi to participate in the summit.', 'President Dissanayake attended the summit on an invitation extended by Indian Prime Minister Narendra Modi.', 'During the visit, President Dissanayake and Indian Prime Minister Narendra Modi held a bilateral meeting today (20) on the sidelines of the Global AI Impact Summit being held in New Delhi.', 'Meanwhile, bilateral discussions were also held between President Dissanayake and the President of France Emmanuel Macron, Crown Prince of Abu Dhabi, Sheikh Khaled bin Mohamed bin Zayed Al Nahyan, and the Brazilian President Lula da Silva on the sidelines of the AI Impact 2026 Summit in New Delhi.']","[{'text': 'Anura Kumara Dissanayake', 'label': 'PERSON'}, {'text': 'Sri Lankan', 'label': 'NORP'}, {'text': 'Sri Lanka', 'label': 'GPE'}, {'text': 'New Delhi', 'label': 'GPE'}, {'text': 'India', 'label': 'GPE'}, {'text': 'SriLankan Airlines', 'label': 'ORG'}, {'text': 'Indian', 'label': 'NORP'}, {'text': 'Narendra Modi', 'label': 'PERSON'}, {'text': 'Dissanayake', 'label': 'PERSON'}, {'text': 'the Global AI Impact Summit', 'label': 'ORG'}, {'text': 'France', 'label': 'GPE'}, {'text': 'Emmanuel Macron', 'label': 'PERSON'}, {'text': 'Abu Dhabi', 'label': 'GPE'}, {'text': 'Khaled bin Mohamed bin Zayed Al Nahyan', 'label': 'PERSON'}, {'text': 'Brazilian', 'label': 'NORP'}, {'text': 'Lula da Silva', 'label': 'PERSON'}]"
AdaDerana,2026-02-20 16:32:27,Magistrate orders swift probe and arrests over Grade 6 English Module case,http://www.adaderana.lk/news.php?nid=118711,"The Criminal Investigation Department (CID) has been directed to immediately expedite investigations into the controversial Grade 6 module and to take prompt action to arrest the suspects responsible.

The directive was issued by the Gangodawila Magistrate Ruwanthika Marasinghe when the case concerning the Grade 6 English subject module under the new education reforms was taken up before the Gangodawila Magistrate’s Court today (20).

The matter pertains to the inclusion of the name of an inappropriate website in the module intended for schoolchildren.

The CID is currently conducting further investigations into the incident.",The Criminal Investigation Department (CID) has been directed to immediately expedite investigations into the controversial Grade 6 module and to take prompt action to arrest the suspects responsible. The directive was issued by the Gangodawila Magistrate Ruwanthika Marasinghe when the case concerning the Grade 6 English subject module under the new education reforms was taken up before the Gangodawila Magistrate’s Court today (20). The matter pertains to the inclusion of the name of an inappropriate website in the module intended for schoolchildren. The CID is currently conducting further investigations into the incident.,"['The Criminal Investigation Department (CID) has been directed to immediately expedite investigations into the controversial Grade 6 module and to take prompt action to arrest the suspects responsible.', 'The directive was issued by the Gangodawila Magistrate Ruwanthika Marasinghe when the case concerning the Grade 6 English subject module under the new education reforms was taken up before the Gangodawila Magistrate’s Court today (20).', 'The matter pertains to the inclusion of the name of an inappropriate website in the module intended for schoolchildren.', 'The CID is currently conducting further investigations into the incident.']","[{'text': 'The Criminal Investigation Department', 'label': 'ORG'}, {'text': 'Ruwanthika Marasinghe', 'label': 'PERSON'}, {'text': 'English', 'label': 'NORP'}, {'text': 'the Gangodawila Magistrate’s Court', 'label': 'ORG'}, {'text': 'CID', 'label': 'ORG'}]"
AdaDerana,2026-02-20 15:53:45,US Supreme Court rules that Trump s sweeping emergency tariffs are illegal,http://www.adaderana.lk/news.php?nid=118710,"The Supreme Court on Friday ruled that President Donald Trump violated federal law when he unilaterally imposed sweeping tariffs across the globe, a striking loss for the White House on an issue that has been central to the president’s foreign policy and economic agenda.

The decision is arguably the most important loss the second Trump administration has sustained at the conservative Supreme Court, which last year repeatedly sided with the president in a series of emergency rulings on immigration, the firing of the leaders of independent agencies and deep cuts to government spending.

Chief Justice John Roberts wrote the majority opinion and the court agreed 6-3 that the tariffs exceeded the law. The court, however, did not say what should happen to the more than $130 billion in tariffs that has already been collected.

“The president asserts the extraordinary power to unilaterally impose tariffs of unlimited amount, duration, and scope,” Roberts wrote for the court. “In light of the breadth, history, and constitutional context of that asserted authority, he must identify clear congressional authorization to exercise it.”

The emergency authority Trump attempted to rely on, the court said, “falls short.”

Justices Amy Coney Barrett and Neil Gorsuch joined with Roberts and the three liberal justices in the majority. Justices Clarence Thomas, Samuel Alito and Brett Kavanaugh dissented.

In his opinion, Roberts brushed aside an argument from the administration that the president had power to use tariffs to regulate commerce. That was an issue that came up during the oral arguments last year as Trump suggested the president had inherent authority to issue the tariffs.

“When Congress grants the power to impose tariffs, it does so clearly and with careful constraints,” Roberts wrote. “It did neither here.”

“We claim no special competence in matters of economics or foreign affairs,” Roberts wrote. “We claim only, as we must, the limited role assigned to us by Article III of the Constitution. Fulfilling that role, we hold that IEEPA does not authorize the president to impose tariffs.”

No clarity on returning money

The 6-3 majority offered no clarity on the specific practical question of what to do with the money the administration has already collected through Trump’s tariffs.

As of December 14, the federal government has collected $134 billion in revenue from the tariffs being challenged from over 301,000 different importers, according to United States Customs and Border Protection data as well as a recent filing submitted by the agency to the US Court of International Trade.

That question will likely need to be sorted out by lower courts.

In his dissent, Justice Brett Kavanaugh noted that the court said “nothing today about whether, and if so how, the government should go about returning the billions of dollars that it has collected from importers.”

The issue of refunds has loomed large over the case, with Trump administration officials saying that potential repayments could have devastating consequences for the US economy.

“That process is likely to be a ‘mess,’” Kavanaugh wrote.

Most significant case on US economy in years

The case was the most significant involving the American economy to reach the Supreme Court in years, challenging the legality of Trump’s “Liberation Day” tariffs, as well as duties he imposed on imports from China, Mexico and Canada. At stake were tens of billions of dollars in revenue the government has already collected.

The so-called “reciprocal” tariffs raised duties as high as 50% on key trading partners, including India and Brazil, and as high as 145% on China in 2025.

Trump and Justice Department officials framed the dispute in existential terms for the country, telling the justices that “with tariffs, we are a rich nation” but that without them, “we are a poor nation.” A group of small businesses who challenged the duties similarly warned that Trump’s position represented a “breathtaking assertion of power” to effectively levy a tax without oversight from Congress.

Trump has relied on a 1970s-era emergency law, the International Emergency Economic Powers Act, or IEEPA, to levy the import duties at issue in the case. That law allows a president to “regulate … importation” during emergencies.

The administration argued the word plainly includes the power to impose tariffs, but the businesses noted that the words “tariff” or “duty” never appear in the law.

That raised a series of difficult questions for the Supreme Court itself, which in case after case involving controversial policies from President Joe Biden, ruled that an administration cannot take certain executive actions unilaterally without explicit authorization from Congress. That is particularly true, the court repeatedly ruled, when policies involve “major” political or economic questions.

In 2023, for instance, the conservative majority relied on the “major questions doctrine” to block Biden’s student loan forgiveness plan. A year earlier, the court stopped Biden’s vaccine and testing requirement for 84 million Americans, concluding that Congress never explicitly gave the government the power to demand those measures during the Covid-19 pandemic. Even some conservatives said the same logic should apply when it came to Trump’s tariffs.

Trump offered several counter arguments, most notably that the tariffs implicate foreign affairs, where courts have traditionally referred to the executive branch.

The president has other – more established authorities – to levy tariffs without input from Congress. But each of those come with strings attached, such as time limits, that would make it harder for Trump to pursue his on-again-off-again strategy of raising and then lowering barriers as a negotiating tactic.

Another provision of law, for instance, clearly allows a president to raise tariffs — but only up to 15% for a maximum of 150 days. Another authority gives the president the power to impose higher tariffs for national security reasons. It can only be used to target specific industries and requires an investigation by the Commerce Department.

Every lower court that has reviewed Trump’s emergency tariffs found they violated federal law, though for different reasons. In one case, led by a New York-based wine importer called V.O.S. Selections, the US Court of International Trade concluded in May that IEEPA didn’t authorize Trump’s emergency duties. That decision was affirmed months later by an appeals court in Washington, DC.

In a separate case, an Illinois-based educational toy company, Learning Resources, sued in a federal district court in Washington, which also ruled against Trump. The case quickly went to the Supreme Court, leapfrogging the DC Circuit.

The courts in both cases put their rulings on hold temporarily, allowing the administration to continue to collect the tariffs while the appeals played out.

During oral arguments at the Supreme Court on November 5, the court’s three liberal justices appeared prepared to side with the businesses.

Several members of the court’s conservative supermajority gave mixed signals of how they may ultimately rule, with Roberts and Justice Amy Coney Barrett asking difficult questions of both the businesses and the Trump administration.

A significant question looming over the arguments was whether all businesses would be entitled to tariff payment refunds if the justices rule against the Trump administration’s use of emergency powers to impose tariffs.

The filing was in response to a group of importers, including Costco, requesting a preliminary injunction to prevent CBP from finalizing their tariff payments, a process formally known as liquidation. The importers argued that it was imperative for their payments to be unliquidated to get refunds down the road. Their request for a preliminary injunction was denied, however.

The three-panel judge explained that their verdict was supported by the administration’s promise to refund IEEPA tariff payments, if it came down to it, even if entries were liquidated. However, the administration has stated that it would likely be a laborious process.

Source: CNN

--Agencies","The Supreme Court on Friday ruled that President Donald Trump violated federal law when he unilaterally imposed sweeping tariffs across the globe, a striking loss for the White House on an issue that has been central to the president’s foreign policy and economic agenda. The decision is arguably the most important loss the second Trump administration has sustained at the conservative Supreme Court, which last year repeatedly sided with the president in a series of emergency rulings on immigration, the firing of the leaders of independent agencies and deep cuts to government spending. Chief Justice John Roberts wrote the majority opinion and the court agreed 6-3 that the tariffs exceeded the law. The court, however, did not say what should happen to the more than $130 billion in tariffs that has already been collected. “The president asserts the extraordinary power to unilaterally impose tariffs of unlimited amount, duration, and scope,” Roberts wrote for the court. “In light of the breadth, history, and constitutional context of that asserted authority, he must identify clear congressional authorization to exercise it.” The emergency authority Trump attempted to rely on, the court said, “falls short.” Justices Amy Coney Barrett and Neil Gorsuch joined with Roberts and the three liberal justices in the majority. Justices Clarence Thomas, Samuel Alito and Brett Kavanaugh dissented. In his opinion, Roberts brushed aside an argument from the administration that the president had power to use tariffs to regulate commerce. That was an issue that came up during the oral arguments last year as Trump suggested the president had inherent authority to issue the tariffs. “When Congress grants the power to impose tariffs, it does so clearly and with careful constraints,” Roberts wrote. “It did neither here.” “We claim no special competence in matters of economics or foreign affairs,” Roberts wrote. “We claim only, as we must, the limited role assigned to us by Article III of the Constitution. Fulfilling that role, we hold that IEEPA does not authorize the president to impose tariffs.” No clarity on returning money The 6-3 majority offered no clarity on the specific practical question of what to do with the money the administration has already collected through Trump’s tariffs. As of December 14, the federal government has collected $134 billion in revenue from the tariffs being challenged from over 301,000 different importers, according to United States Customs and Border Protection data as well as a recent filing submitted by the agency to the US Court of International Trade. That question will likely need to be sorted out by lower courts. In his dissent, Justice Brett Kavanaugh noted that the court said “nothing today about whether, and if so how, the government should go about returning the billions of dollars that it has collected from importers.” The issue of refunds has loomed large over the case, with Trump administration officials saying that potential repayments could have devastating consequences for the US economy. “That process is likely to be a ‘mess,’” Kavanaugh wrote. Most significant case on US economy in years The case was the most significant involving the American economy to reach the Supreme Court in years, challenging the legality of Trump’s “Liberation Day” tariffs, as well as duties he imposed on imports from China, Mexico and Canada. At stake were tens of billions of dollars in revenue the government has already collected. The so-called “reciprocal” tariffs raised duties as high as 50% on key trading partners, including India and Brazil, and as high as 145% on China in 2025. Trump and Justice Department officials framed the dispute in existential terms for the country, telling the justices that “with tariffs, we are a rich nation” but that without them, “we are a poor nation.” A group of small businesses who challenged the duties similarly warned that Trump’s position represented a “breathtaking assertion of power” to effectively levy a tax without oversight from Congress. Trump has relied on a 1970s-era emergency law, the International Emergency Economic Powers Act, or IEEPA, to levy the import duties at issue in the case. That law allows a president to “regulate … importation” during emergencies. The administration argued the word plainly includes the power to impose tariffs, but the businesses noted that the words “tariff” or “duty” never appear in the law. That raised a series of difficult questions for the Supreme Court itself, which in case after case involving controversial policies from President Joe Biden, ruled that an administration cannot take certain executive actions unilaterally without explicit authorization from Congress. That is particularly true, the court repeatedly ruled, when policies involve “major” political or economic questions. In 2023, for instance, the conservative majority relied on the “major questions doctrine” to block Biden’s student loan forgiveness plan. A year earlier, the court stopped Biden’s vaccine and testing requirement for 84 million Americans, concluding that Congress never explicitly gave the government the power to demand those measures during the Covid-19 pandemic. Even some conservatives said the same logic should apply when it came to Trump’s tariffs. Trump offered several counter arguments, most notably that the tariffs implicate foreign affairs, where courts have traditionally referred to the executive branch. The president has other – more established authorities – to levy tariffs without input from Congress. But each of those come with strings attached, such as time limits, that would make it harder for Trump to pursue his on-again-off-again strategy of raising and then lowering barriers as a negotiating tactic. Another provision of law, for instance, clearly allows a president to raise tariffs — but only up to 15% for a maximum of 150 days. Another authority gives the president the power to impose higher tariffs for national security reasons. It can only be used to target specific industries and requires an investigation by the Commerce Department. Every lower court that has reviewed Trump’s emergency tariffs found they violated federal law, though for different reasons. In one case, led by a New York-based wine importer called V.O.S. Selections, the US Court of International Trade concluded in May that IEEPA didn’t authorize Trump’s emergency duties. That decision was affirmed months later by an appeals court in Washington, DC. In a separate case, an Illinois-based educational toy company, Learning Resources, sued in a federal district court in Washington, which also ruled against Trump. The case quickly went to the Supreme Court, leapfrogging the DC Circuit. The courts in both cases put their rulings on hold temporarily, allowing the administration to continue to collect the tariffs while the appeals played out. During oral arguments at the Supreme Court on November 5, the court’s three liberal justices appeared prepared to side with the businesses. Several members of the court’s conservative supermajority gave mixed signals of how they may ultimately rule, with Roberts and Justice Amy Coney Barrett asking difficult questions of both the businesses and the Trump administration. A significant question looming over the arguments was whether all businesses would be entitled to tariff payment refunds if the justices rule against the Trump administration’s use of emergency powers to impose tariffs. The filing was in response to a group of importers, including Costco, requesting a preliminary injunction to prevent CBP from finalizing their tariff payments, a process formally known as liquidation. The importers argued that it was imperative for their payments to be unliquidated to get refunds down the road. Their request for a preliminary injunction was denied, however. The three-panel judge explained that their verdict was supported by the administration’s promise to refund IEEPA tariff payments, if it came down to it, even if entries were liquidated. However, the administration has stated that it would likely be a laborious process. Source: CNN --Agencies","['The Supreme Court on Friday ruled that President Donald Trump violated federal law when he unilaterally imposed sweeping tariffs across the globe, a striking loss for the White House on an issue that has been central to the president’s foreign policy and economic agenda.', 'The decision is arguably the most important loss the second Trump administration has sustained at the conservative Supreme Court, which last year repeatedly sided with the president in a series of emergency rulings on immigration, the firing of the leaders of independent agencies and deep cuts to government spending.', 'Chief Justice John Roberts wrote the majority opinion and the court agreed 6-3 that the tariffs exceeded the law.', 'The court, however, did not say what should happen to the more than $130 billion in tariffs that has already been collected.', '“The president asserts the extraordinary power to unilaterally impose tariffs of unlimited amount, duration, and scope,” Roberts wrote for the court.', '“In light of the breadth, history, and constitutional context of that asserted authority, he must identify clear congressional authorization to exercise it.”', 'The emergency authority Trump attempted to rely on, the court said, “falls short.”', 'Justices Amy Coney Barrett and Neil Gorsuch joined with Roberts and the three liberal justices in the majority.', 'Justices Clarence Thomas, Samuel Alito and Brett Kavanaugh dissented.', 'In his opinion, Roberts brushed aside an argument from the administration that the president had power to use tariffs to regulate commerce.', 'That was an issue that came up during the oral arguments last year as Trump suggested the president had inherent authority to issue the tariffs.', '“When Congress grants the power to impose tariffs, it does so clearly and with careful constraints,” Roberts wrote.', '“It did neither here.”', '“We claim no special competence in matters of economics or foreign affairs,” Roberts wrote.', '“We claim only, as we must, the limited role assigned to us by Article III of the Constitution.', 'Fulfilling that role, we hold that IEEPA does not authorize the president to impose tariffs.”', 'No clarity on returning money The 6-3 majority offered no clarity on the specific practical question of what to do with the money the administration has already collected through Trump’s tariffs.', 'As of December 14, the federal government has collected $134 billion in revenue from the tariffs being challenged from over 301,000 different importers, according to United States Customs and Border Protection data as well as a recent filing submitted by the agency to the US Court of International Trade.', 'That question will likely need to be sorted out by lower courts.', 'In his dissent, Justice Brett Kavanaugh noted that the court said “nothing today about whether, and if so how, the government should go about returning the billions of dollars that it has collected from importers.”', 'The issue of refunds has loomed large over the case, with Trump administration officials saying that potential repayments could have devastating consequences for the US economy.', '“That process is likely to be a ‘mess,’” Kavanaugh wrote.', 'Most significant case on US economy in years The case was the most significant involving the American economy to reach the Supreme Court in years, challenging the legality of Trump’s “Liberation Day” tariffs, as well as duties he imposed on imports from China, Mexico and Canada.', 'At stake were tens of billions of dollars in revenue the government has already collected.', 'The so-called “reciprocal” tariffs raised duties as high as 50% on key trading partners, including India and Brazil, and as high as 145% on China in 2025.', 'Trump and Justice Department officials framed the dispute in existential terms for the country, telling the justices that “with tariffs, we are a rich nation” but that without them, “we are a poor nation.”', 'A group of small businesses who challenged the duties similarly warned that Trump’s position represented a “breathtaking assertion of power” to effectively levy a tax without oversight from Congress.', 'Trump has relied on a 1970s-era emergency law, the International Emergency Economic Powers Act, or IEEPA, to levy the import duties at issue in the case.', 'That law allows a president to “regulate … importation” during emergencies.', 'The administration argued the word plainly includes the power to impose tariffs, but the businesses noted that the words “tariff” or “duty” never appear in the law.', 'That raised a series of difficult questions for the Supreme Court itself, which in case after case involving controversial policies from President Joe Biden, ruled that an administration cannot take certain executive actions unilaterally without explicit authorization from Congress.', 'That is particularly true, the court repeatedly ruled, when policies involve “major” political or economic questions.', 'In 2023, for instance, the conservative majority relied on the “major questions doctrine” to block Biden’s student loan forgiveness plan.', 'A year earlier, the court stopped Biden’s vaccine and testing requirement for 84 million Americans, concluding that Congress never explicitly gave the government the power to demand those measures during the Covid-19 pandemic.', 'Even some conservatives said the same logic should apply when it came to Trump’s tariffs.', 'Trump offered several counter arguments, most notably that the tariffs implicate foreign affairs, where courts have traditionally referred to the executive branch.', 'The president has other – more established authorities – to levy tariffs without input from Congress.', 'But each of those come with strings attached, such as time limits, that would make it harder for Trump to pursue his on-again-off-again strategy of raising and then lowering barriers as a negotiating tactic.', 'Another provision of law, for instance, clearly allows a president to raise tariffs — but only up to 15% for a maximum of 150 days.', 'Another authority gives the president the power to impose higher tariffs for national security reasons.', 'It can only be used to target specific industries and requires an investigation by the Commerce Department.', 'Every lower court that has reviewed Trump’s emergency tariffs found they violated federal law, though for different reasons.', 'In one case, led by a New York-based wine importer called V.O.S. Selections, the US Court of International Trade concluded in May that IEEPA didn’t authorize Trump’s emergency duties.', 'That decision was affirmed months later by an appeals court in Washington, DC.', 'In a separate case, an Illinois-based educational toy company, Learning Resources, sued in a federal district court in Washington, which also ruled against Trump.', 'The case quickly went to the Supreme Court, leapfrogging the DC Circuit.', 'The courts in both cases put their rulings on hold temporarily, allowing the administration to continue to collect the tariffs while the appeals played out.', 'During oral arguments at the Supreme Court on November 5, the court’s three liberal justices appeared prepared to side with the businesses.', 'Several members of the court’s conservative supermajority gave mixed signals of how they may ultimately rule, with Roberts and Justice Amy Coney Barrett asking difficult questions of both the businesses and the Trump administration.', 'A significant question looming over the arguments was whether all businesses would be entitled to tariff payment refunds if the justices rule against the Trump administration’s use of emergency powers to impose tariffs.', 'The filing was in response to a group of importers, including Costco, requesting a preliminary injunction to prevent CBP from finalizing their tariff payments, a process formally known as liquidation.', 'The importers argued that it was imperative for their payments to be unliquidated to get refunds down the road.', 'Their request for a preliminary injunction was denied, however.', 'The three-panel judge explained that their verdict was supported by the administration’s promise to refund IEEPA tariff payments, if it came down to it, even if entries were liquidated.', 'However, the administration has stated that it would likely be a laborious process.', 'Source: CNN --Agencies']","[{'text': 'The Supreme Court', 'label': 'ORG'}, {'text': 'Donald Trump', 'label': 'PERSON'}, {'text': 'the White House', 'label': 'ORG'}, {'text': 'Trump', 'label': 'ORG'}, {'text': 'Supreme Court', 'label': 'ORG'}, {'text': 'John Roberts', 'label': 'PERSON'}, {'text': 'Roberts', 'label': 'PERSON'}, {'text': 'Amy Coney Barrett', 'label': 'PERSON'}, {'text': 'Neil Gorsuch', 'label': 'PERSON'}, {'text': 'Clarence Thomas', 'label': 'PERSON'}, {'text': 'Samuel Alito', 'label': 'PERSON'}, {'text': 'Brett', 'label': 'PERSON'}, {'text': 'Congress', 'label': 'ORG'}, {'text': 'IEEPA', 'label': 'ORG'}, {'text': 'United States Customs and Border Protection', 'label': 'ORG'}, {'text': 'the US Court of International Trade', 'label': 'ORG'}, {'text': 'Brett Kavanaugh', 'label': 'PERSON'}, {'text': 'US', 'label': 'GPE'}, {'text': 'American', 'label': 'NORP'}, {'text': 'the Supreme Court', 'label': 'ORG'}, {'text': 'Trump’s “Liberation Day', 'label': 'ORG'}, {'text': 'China', 'label': 'GPE'}, {'text': 'Mexico', 'label': 'GPE'}, {'text': 'Canada', 'label': 'GPE'}, {'text': 'India', 'label': 'GPE'}, {'text': 'Brazil', 'label': 'GPE'}, {'text': 'Justice Department', 'label': 'ORG'}, {'text': 'the International Emergency Economic Powers Act', 'label': 'ORG'}, {'text': 'Joe Biden', 'label': 'PERSON'}, {'text': 'Biden', 'label': 'ORG'}, {'text': 'Americans', 'label': 'NORP'}, {'text': 'Trump', 'label': 'PERSON'}, {'text': 'the Commerce Department', 'label': 'ORG'}, {'text': 'New York', 'label': 'GPE'}, {'text': 'V.O.S. Selections', 'label': 'ORG'}, {'text': 'Washington, DC', 'label': 'GPE'}, {'text': 'Illinois', 'label': 'GPE'}, {'text': 'Learning Resources', 'label': 'ORG'}, {'text': 'Washington', 'label': 'GPE'}, {'text': 'the DC Circuit', 'label': 'ORG'}, {'text': 'Costco', 'label': 'ORG'}, {'text': 'CBP', 'label': 'ORG'}, {'text': 'CNN', 'label': 'ORG'}]"
AdaDerana,2026-02-20 15:30:41,Container congestion re-emerges at Colombo Port amid inefficient clearance procedures?,http://www.adaderana.lk/news.php?nid=118709,"The Chairman of the Container Transport Owners’ Association (CTOA), Sanath Manjula has raised concerns over the re-emergence of container truck congestion at the Colombo Port, due to the absence of an efficient system for container clearance procedures.

Significant delays have been reported in the release of imported containers from the Colombo Port premises and in the inspection of containers at external yards outside the port.

In addition, congestion has also been reported at the Orugodawatta container yard, causing severe inconvenience to truck drivers.

Meanwhile, the association warned that a large number of containers are scheduled to be imported next month, which could further aggravate the congestion.

The association has therefore urged the government to take immediate measures even with the deployment of security forces if necessary to ease the congestion.

However, responding to inquiries, Sri Lanka Customs Director and Media Spokesperson Chandana Punchihewa stated that although there is some congestion in container clearance at present, the situation remains within normal levels.","The Chairman of the Container Transport Owners’ Association (CTOA), Sanath Manjula has raised concerns over the re-emergence of container truck congestion at the Colombo Port, due to the absence of an efficient system for container clearance procedures. Significant delays have been reported in the release of imported containers from the Colombo Port premises and in the inspection of containers at external yards outside the port. In addition, congestion has also been reported at the Orugodawatta container yard, causing severe inconvenience to truck drivers. Meanwhile, the association warned that a large number of containers are scheduled to be imported next month, which could further aggravate the congestion. The association has therefore urged the government to take immediate measures even with the deployment of security forces if necessary to ease the congestion. However, responding to inquiries, Sri Lanka Customs Director and Media Spokesperson Chandana Punchihewa stated that although there is some congestion in container clearance at present, the situation remains within normal levels.","['The Chairman of the Container Transport Owners’ Association (CTOA), Sanath Manjula has raised concerns over the re-emergence of container truck congestion at the Colombo Port, due to the absence of an efficient system for container clearance procedures.', 'Significant delays have been reported in the release of imported containers from the Colombo Port premises and in the inspection of containers at external yards outside the port.', 'In addition, congestion has also been reported at the Orugodawatta container yard, causing severe inconvenience to truck drivers.', 'Meanwhile, the association warned that a large number of containers are scheduled to be imported next month, which could further aggravate the congestion.', 'The association has therefore urged the government to take immediate measures even with the deployment of security forces if necessary to ease the congestion.', 'However, responding to inquiries, Sri Lanka Customs Director and Media Spokesperson Chandana Punchihewa stated that although there is some congestion in container clearance at present, the situation remains within normal levels.']","[{'text': 'the Container Transport Owners’ Association (CTOA', 'label': 'ORG'}, {'text': 'Sanath Manjula', 'label': 'PERSON'}, {'text': 'Orugodawatta', 'label': 'ORG'}, {'text': 'Sri Lanka Customs', 'label': 'ORG'}, {'text': 'Spokesperson Chandana Punchihewa', 'label': 'PERSON'}]"
AdaDerana,2026-02-20 15:10:34,Police seek public assistance to arrest suspect in Akuregoda double murder,http://www.adaderana.lk/news.php?nid=118708,"Sri Lanka Police are seeking public assistance to arrest a suspect wanted in connection with the recent double homicide of a lawyer and his wife in Akuregeoda, Thalangama.

The police have today (20) released multiple photos to the media showing various facial features of a suspect believed to be involved in the shooting.

The suspect is described as a 44-year-old male, approximately 5 feet and 5 inches tall, with a distinctive scar on the lower right side of his face, according to the police.

Police are urging the public with any information about the suspect to contact the following numbers:

Deputy Inspector General, Western Province North – 071 859 8008

Division Officer, Nugegoda – 071 859 1641

Director, Western Province South Crime Division – 071 859 2279","Sri Lanka Police are seeking public assistance to arrest a suspect wanted in connection with the recent double homicide of a lawyer and his wife in Akuregeoda, Thalangama. The police have today (20) released multiple photos to the media showing various facial features of a suspect believed to be involved in the shooting. The suspect is described as a 44-year-old male, approximately 5 feet and 5 inches tall, with a distinctive scar on the lower right side of his face, according to the police. Police are urging the public with any information about the suspect to contact the following numbers: Deputy Inspector General, Western Province North – 071 859 8008 Division Officer, Nugegoda – 071 859 1641 Director, Western Province South Crime Division – 071 859 2279","['Sri Lanka Police are seeking public assistance to arrest a suspect wanted in connection with the recent double homicide of a lawyer and his wife in Akuregeoda, Thalangama.', 'The police have today (20) released multiple photos to the media showing various facial features of a suspect believed to be involved in the shooting.', 'The suspect is described as a 44-year-old male, approximately 5 feet and 5 inches tall, with a distinctive scar on the lower right side of his face, according to the police.', 'Police are urging the public with any information about the suspect to contact the following numbers: Deputy Inspector General, Western Province North – 071 859 8008 Division Officer, Nugegoda – 071 859 1641 Director, Western Province South Crime Division – 071 859 2279']","[{'text': 'Sri Lanka Police', 'label': 'ORG'}, {'text': 'Akuregeoda', 'label': 'GPE'}, {'text': 'Thalangama', 'label': 'GPE'}, {'text': 'Western Province North', 'label': 'GPE'}, {'text': 'Nugegoda', 'label': 'ORG'}, {'text': 'Western Province South Crime Division', 'label': 'ORG'}]"
AdaDerana,2026-02-20 13:38:44,Maha Sangha Conference decides to present 10-point charter to the President,http://www.adaderana.lk/news.php?nid=118707,"The Maha Sangha Conference, aimed at educating the public regarding the alleged pressures exerted on Buddhism and the Maha Sangha, was held in Colombo this afternoon (20).

During the conference, the Buddhist clergy and Buddhist leaders from across the country jointly declared a Sangha Charter consisting of 10 points to alleviate the current social crises faced by the Buddha Sasana, the Maha Sangha and the people of the country.

Accordingly, the relevant 10-point Sangha Charter, signed by all the Buddhist monks present, is scheduled to be presented to President Anura Kumara Dissanayake, according to Ven. Professor Agalakada Sirisumana Thero, Chief Incumbent of the Sri Bodhirajaramaya in Moratuwa and Head of the Sinhala Department of the University of Colombo.

The conference commenced at 2.00 p.m. today at the All Ceylon Buddhist Congress (ACBC) Headquarters in Colombo.","The Maha Sangha Conference, aimed at educating the public regarding the alleged pressures exerted on Buddhism and the Maha Sangha, was held in Colombo this afternoon (20). During the conference, the Buddhist clergy and Buddhist leaders from across the country jointly declared a Sangha Charter consisting of 10 points to alleviate the current social crises faced by the Buddha Sasana, the Maha Sangha and the people of the country. Accordingly, the relevant 10-point Sangha Charter, signed by all the Buddhist monks present, is scheduled to be presented to President Anura Kumara Dissanayake, according to Ven. Professor Agalakada Sirisumana Thero, Chief Incumbent of the Sri Bodhirajaramaya in Moratuwa and Head of the Sinhala Department of the University of Colombo. The conference commenced at 2.00 p.m. today at the All Ceylon Buddhist Congress (ACBC) Headquarters in Colombo.","['The Maha Sangha Conference, aimed at educating the public regarding the alleged pressures exerted on Buddhism and the Maha Sangha, was held in Colombo this afternoon (20).', 'During the conference, the Buddhist clergy and Buddhist leaders from across the country jointly declared a Sangha Charter consisting of 10 points to alleviate the current social crises faced by the Buddha Sasana, the Maha Sangha and the people of the country.', 'Accordingly, the relevant 10-point Sangha Charter, signed by all the Buddhist monks present, is scheduled to be presented to President Anura Kumara Dissanayake, according to Ven.', 'Professor Agalakada Sirisumana Thero, Chief Incumbent of the Sri Bodhirajaramaya in Moratuwa and Head of the Sinhala Department of the University of Colombo.', 'The conference commenced at 2.00 p.m. today at the All Ceylon Buddhist Congress (ACBC) Headquarters in Colombo.']","[{'text': 'The Maha Sangha Conference', 'label': 'PERSON'}, {'text': 'Colombo', 'label': 'GPE'}, {'text': 'Buddhist', 'label': 'NORP'}, {'text': 'the Buddha Sasana', 'label': 'PERSON'}, {'text': 'Maha Sangha', 'label': 'PERSON'}, {'text': 'Sangha Charter', 'label': 'PERSON'}, {'text': 'Anura Kumara Dissanayake', 'label': 'PERSON'}, {'text': 'Ven', 'label': 'GPE'}, {'text': 'Agalakada Sirisumana Thero', 'label': 'PERSON'}, {'text': 'Moratuwa', 'label': 'GPE'}, {'text': 'the Sinhala Department of the University of Colombo', 'label': 'ORG'}, {'text': 'the All Ceylon Buddhist Congress', 'label': 'ORG'}]"
